Id,target
1,1.6162468
2,0.46805134
3,0.6582424
4,0.5896004
5,1.3813789
6,1.0075953
7,0.52750534
8,1.3177757
9,1.039783
10,0.5679424
11,0.70399666
12,0.9897569
13,0.7797437
14,0.5131041
15,1.123564
16,0.7992176
17,1.1994246
18,1.0222082
19,1.0281242
20,1.6461645
21,0.60341406
22,0.70609677
23,0.71108073
24,0.5059746
25,1.1571847
26,1.1115669
27,0.48974386
28,1.0262699
29,0.50001174
30,0.6572515
31,0.5073113
32,1.263347
33,1.4240272
34,0.6685411
35,0.6002917
36,1.5823491
37,0.8182042
38,1.0008972
39,0.6188091
40,0.678265
41,0.9765912
42,0.57685256
43,1.476977
44,0.50559664
45,0.5112476
46,0.66197777
47,0.8950907
48,0.6268939
49,0.456947
50,1.4726897
51,0.6852686
52,0.80500615
53,0.63400215
54,0.85538065
55,1.1282177
56,1.804133
57,1.049686
58,0.58212155
59,0.9202663
60,0.8226657
61,1.1023587
62,1.6523625
63,1.3561089
64,0.48594794
65,0.719454
66,0.88978946
67,0.42181677
68,0.60142267
69,0.5488254
70,1.7181733
71,1.2794216
72,0.5981332
73,0.5712098
74,1.681118
75,1.1055886
76,0.52562505
77,0.5808252
78,1.1261697
79,0.6427019
80,0.6804639
81,1.0218047
82,1.1488308
83,0.5018978
84,0.6329185
85,0.4065872
86,0.788528
87,1.0271091
88,1.4755927
89,0.85876524
90,1.1118152
91,0.9533073
92,1.1700268
93,0.6801775
94,0.58822054
95,0.5797912
96,1.1877085
97,0.87844497
98,0.5815855
99,0.5985753
100,1.3011345
101,0.78153884
102,0.95969975
103,1.7474422
104,1.2305979
105,1.0910252
106,0.44685903
107,0.95260745
108,0.9098484
109,0.5990602
110,0.6674932
111,0.60014826
112,0.45040244
113,0.58811414
114,0.48702917
115,1.7756937
116,0.7446083
117,0.67541915
118,0.9191117
119,0.53964657
120,1.3318827
121,0.52776587
122,0.550293
123,0.51272714
124,0.48439544
125,1.2128088
126,1.5050504
127,0.6665416
128,0.63414794
129,1.8860184
130,1.2520988
131,1.220478
132,1.0380044
133,0.701192
134,0.44632035
135,1.0894804
136,1.367843
137,1.4833724
138,0.53008837
139,0.4912691
140,1.7015377
141,0.91338146
142,0.85571706
143,0.67877066
144,0.7995571
145,0.749811
146,0.51296973
147,0.67632085
148,1.6501572
149,0.6971418
150,0.76792413
151,1.1128422
152,0.5443047
153,0.5758777
154,1.2937815
155,0.92200005
156,0.8684104
157,0.7592498
158,0.55599755
159,1.6118635
160,1.1891911
161,0.9898106
162,0.7307779
163,1.0045881
164,0.70753515
165,0.9314079
166,0.7561991
167,0.72848904
168,1.011657
169,0.97014314
170,0.6150896
171,0.87521535
172,1.0433236
173,1.1896718
174,0.5183372
175,0.9553319
176,0.9312271
177,0.8441375
178,0.6321381
179,0.4888398
180,0.6582605
181,0.54162955
182,1.0311965
183,0.49618325
184,0.73491126
185,0.6141631
186,0.8293129
187,1.2482864
188,1.380904
189,1.0567969
190,0.8678525
191,1.8421414
192,0.5656444
193,0.5811296
194,1.4308469
195,0.72590625
196,0.4806223
197,0.9449891
198,0.4755338
199,1.1777885
200,0.8835474
201,0.5442234
202,0.8635284
203,0.78372335
204,0.61841065
205,1.421439
206,0.53429586
207,1.1131021
208,0.7956861
209,0.796857
210,0.47197238
211,0.64422333
212,1.0467579
213,0.9532238
214,0.8263235
215,1.300306
216,0.8783741
217,0.5599826
218,1.1332048
219,0.5120406
220,1.118536
221,1.1556823
222,0.89921796
223,0.55729175
224,0.4889277
225,0.9985019
226,0.843181
227,0.7186719
228,1.1329418
229,0.6384034
230,0.66037345
231,0.7393365
232,1.1559423
233,0.79766464
234,0.5411923
235,1.3544056
236,1.0352423
237,1.7675607
238,1.3478153
239,0.63356894
240,1.8370876
241,0.4612611
242,1.3562235
243,0.39439893
244,0.8757863
245,0.6145877
246,0.8932179
247,0.5588129
248,1.4554113
249,0.528587
250,0.89655876
251,0.791911
252,0.6623224
253,0.89664304
254,0.44516397
255,0.7744285
256,0.8338305
257,0.99469507
258,0.6681837
259,0.55247176
260,0.78612936
261,0.57287824
262,1.0244734
263,0.45713893
264,1.9688923
265,0.6890028
266,0.9628172
267,1.0672404
268,1.4043088
269,1.1450733
270,0.7197639
271,0.69839275
272,1.382807
273,1.2158043
274,1.4761941
275,1.1897147
276,0.50921446
277,1.9057785
278,0.8259988
279,1.0887706
280,0.5619072
281,0.46671867
282,0.398065
283,0.661008
284,0.9446729
285,0.72851866
286,0.60316014
287,0.99368
288,0.80009013
289,1.8103775
290,1.1133583
291,0.82987386
292,0.725165
293,0.60363185
294,0.42981425
295,0.78564996
296,0.64974517
297,1.5750504
298,0.6800556
299,0.70027745
300,1.0362829
301,0.87933034
302,0.6149612
303,1.9021431
304,1.0908403
305,0.55846703
306,0.6139041
307,0.46130204
308,0.6957092
309,0.7987005
310,1.0021465
311,0.52072084
312,0.76469165
313,0.7435976
314,0.6540914
315,0.7631914
316,0.9546707
317,0.6115704
318,0.588638
319,1.0011867
320,0.989807
321,0.7859787
322,0.5733792
323,1.7197403
324,1.1374271
325,0.72288567
326,0.45507413
327,0.6695568
328,0.5053505
329,1.3528128
330,0.76581043
331,0.555857
332,0.7546894
333,1.1045349
334,0.6263845
335,0.9152316
336,0.56745124
337,0.6528734
338,0.62164843
339,1.6283042
340,0.89928293
341,0.4711575
342,0.9860565
343,1.0895283
344,0.7641043
345,1.3923229
346,0.50427616
347,0.92627966
348,0.75465745
349,0.87436944
350,0.603851
351,0.76775855
352,0.5329459
353,0.61037
354,1.0429024
355,0.9857906
356,1.2591426
357,0.6311906
358,0.9419302
359,1.1468405
360,0.49589545
361,1.5798447
362,1.3274295
363,0.61349803
364,0.4975888
365,1.2532363
366,1.3692567
367,0.8108643
368,0.6525585
369,0.9214319
370,0.71593165
371,0.61152756
372,0.69848335
373,0.41657168
374,0.76324064
375,0.46910214
376,1.060118
377,0.64638805
378,0.6536397
379,0.58979386
380,0.81494826
381,0.57325983
382,1.6988605
383,0.6088957
384,0.55047655
385,0.96129036
386,0.6225637
387,1.8096511
388,1.0476776
389,1.1434124
390,0.6604722
391,0.5818725
392,1.0122191
393,1.2125102
394,0.5725633
395,1.0176857
396,0.72701675
397,0.63974553
398,0.6878229
399,0.6028674
400,0.83351934
401,0.47489733
402,0.8466172
403,0.9949894
404,0.69788206
405,1.569036
406,1.2577338
407,0.8434334
408,1.6297219
409,0.67268676
410,1.3821628
411,0.48833075
412,0.7552247
413,0.833426
414,1.1654285
415,0.6212566
416,0.43658417
417,0.7877495
418,0.8282083
419,0.4737831
420,1.5197237
421,1.0975989
422,1.2591689
423,0.41409922
424,0.62562114
425,1.0073293
426,0.54694486
427,0.9475071
428,0.9263514
429,0.58825576
430,1.43341
431,0.78651184
432,0.39207825
433,0.46371108
434,0.97459906
435,0.7642852
436,0.92027104
437,1.0171175
438,0.53578156
439,0.5602814
440,0.48373145
441,1.6922251
442,0.9705431
443,0.80465186
444,0.81394213
445,1.23903
446,0.52869606
447,0.8702707
448,0.75953686
449,1.003204
450,0.5607883
451,1.155426
452,0.41961804
453,0.4151276
454,0.98624706
455,0.8740717
456,1.0401404
457,0.89365685
458,0.4538084
459,0.71055895
460,0.52286875
461,0.68233436
462,0.74414796
463,0.6968618
464,0.4962018
465,0.78380656
466,0.64619654
467,0.7198481
468,0.5789449
469,0.70070153
470,0.65807724
471,0.44174895
472,1.5227087
473,0.75055784
474,1.7236035
475,0.64269626
476,0.5961694
477,0.7179128
478,0.84589577
479,1.0381691
480,1.1873131
481,1.451482
482,1.3610213
483,0.63219607
484,1.2015073
485,0.5143998
486,0.6333802
487,1.0027736
488,0.67941725
489,0.947353
490,0.9514977
491,1.5639517
492,0.64770097
493,0.72164154
494,0.64915264
495,0.6588348
496,0.9787695
497,1.2218422
498,0.73816395
499,0.9941866
500,0.6672336
501,0.46695694
502,0.55293024
503,0.50717354
504,0.98540056
505,0.70800567
506,0.8505521
507,0.48109937
508,0.52010167
509,0.73214155
510,1.0633862
511,0.9860862
512,0.8673506
513,0.38468224
514,0.94472027
515,0.5816095
516,1.7033411
517,1.2297647
518,0.54163665
519,1.180976
520,0.7217227
521,0.7753793
522,1.8779602
523,0.8689985
524,0.86111367
525,0.9675004
526,0.66652673
527,0.7370183
528,0.75252616
529,1.9902267
530,0.5566571
531,1.2505797
532,0.67059237
533,0.5798645
534,0.5698754
535,0.60526025
536,0.62847596
537,1.046404
538,0.65996534
539,0.61985314
540,0.58312076
541,0.54408544
542,0.6842002
543,0.92358494
544,0.7462956
545,1.2697036
546,0.93241805
547,0.47983474
548,0.8769724
549,0.41910982
550,0.5355442
551,0.8945991
552,0.9813202
553,0.5815547
554,1.0012466
555,0.69625825
556,1.3382571
557,1.4638735
558,0.83609074
559,0.5845312
560,0.8248398
561,0.49272013
562,1.2257985
563,0.782519
564,0.3904191
565,0.9393199
566,1.6638916
567,0.8142543
568,0.8446989
569,0.614493
570,1.4971492
571,0.71693134
572,0.60658926
573,1.1208382
574,1.7038841
575,0.8505713
576,0.42003697
577,0.7152468
578,0.536105
579,0.79297954
580,0.61701286
581,0.8998264
582,0.9099997
583,1.9769638
584,0.7653121
585,1.0681499
586,0.9684582
587,0.57230586
588,1.0745041
589,0.6801197
590,1.2144018
591,1.0997204
592,0.92319643
593,0.89743024
594,1.0147893
595,1.0334734
596,0.5176009
597,0.9944431
598,1.3544381
599,0.8470396
600,0.69880855
601,0.5148867
602,0.6268426
603,2.0240102
604,0.83040476
605,0.744595
606,1.1330912
607,0.77589417
608,0.59366506
609,2.0969253
610,0.6122441
611,0.6032883
612,0.8135427
613,1.2629167
614,0.45082468
615,0.42298293
616,0.9825605
617,0.7119544
618,0.5178186
619,0.46174496
620,0.62769204
621,0.88318956
622,0.6444028
623,1.1564943
624,1.2638935
625,0.49211034
626,0.7986414
627,1.0990427
628,1.6842617
629,1.0318224
630,0.4005588
631,0.37720212
632,1.424632
633,0.5179436
634,0.5609452
635,1.4731083
636,1.1870533
637,0.5652594
638,0.58155525
639,0.93234193
640,1.0669868
641,1.6339643
642,0.5085112
643,0.51107585
644,0.6330293
645,0.575854
646,0.49854428
647,1.0293823
648,0.90026486
649,0.81819695
650,0.50825655
651,0.42663455
652,0.6395012
653,0.69449234
654,0.641791
655,0.8723613
656,0.6981105
657,0.62801117
658,0.9731523
659,0.5709312
660,0.553308
661,1.1077578
662,0.5989711
663,0.8896409
664,1.1082275
665,0.6158982
666,1.350719
667,1.1121442
668,1.3841766
669,0.72188157
670,0.56234366
671,0.5410119
672,0.4500231
673,0.60510385
674,1.2279766
675,0.5244808
676,0.6117612
677,1.1546714
678,1.338229
679,1.2498605
680,0.49314445
681,0.7810842
682,0.57856315
683,0.4238394
684,1.2924424
685,0.7344963
686,0.67430025
687,0.4791545
688,0.49627382
689,0.67540675
690,1.4562821
691,0.7211536
692,0.72701544
693,1.0502611
694,0.6150758
695,1.1903002
696,1.5476224
697,1.0491779
698,1.0692881
699,0.9535397
700,0.5664233
701,0.8409359
702,0.9015113
703,0.47371387
704,1.5157363
705,0.8006123
706,0.9025885
707,0.47443408
708,1.0399172
709,0.9770948
710,0.8722254
711,0.5603484
712,0.795188
713,0.4323779
714,0.49082094
715,0.50524604
716,0.71676725
717,1.5394988
718,0.6591535
719,0.9356502
720,0.36883548
721,0.49637705
722,1.2399307
723,1.106595
724,0.84067106
725,0.5749715
726,0.9031502
727,1.0275176
728,0.61919326
729,1.0138452
730,0.47364917
731,0.52704966
732,1.5062866
733,0.56213224
734,0.4548537
735,0.87604725
736,0.755071
737,0.55350447
738,0.63890666
739,0.54999447
740,0.5828395
741,0.8219813
742,0.72917956
743,1.3496991
744,1.6309782
745,1.0509386
746,0.5156063
747,0.9050002
748,0.6874337
749,0.8902421
750,0.8237915
751,0.779763
752,0.7808026
753,0.59889793
754,0.6017505
755,0.44294053
756,1.4900188
757,0.92815846
758,1.2589536
759,1.0764117
760,0.74161106
761,0.97606957
762,0.97240895
763,0.8845245
764,0.9568427
765,0.58058596
766,0.447011
767,0.58049285
768,0.99273664
769,0.5268065
770,0.9148725
771,1.1872542
772,1.1096947
773,0.8097652
774,0.49067718
775,1.1332698
776,1.3012947
777,1.2055589
778,0.52700853
779,0.4300192
780,1.0883056
781,1.9985926
782,1.0729566
783,0.8776401
784,1.2289146
785,0.5275408
786,0.6227981
787,0.5958629
788,0.4964513
789,0.50307035
790,1.0278491
791,0.56431305
792,0.6826416
793,0.44033083
794,1.2498478
795,0.6569953
796,0.9118153
797,0.680781
798,0.7208286
799,0.96257496
800,1.6799724
801,1.0347664
802,1.1300404
803,1.4532907
804,0.71676475
805,0.50044525
806,0.5903455
807,0.58792615
808,1.3391039
809,0.6993085
810,0.84763336
811,0.57515407
812,1.3868178
813,0.59755147
814,0.9834477
815,0.53187144
816,1.8021705
817,1.0030599
818,1.0221283
819,0.7776882
820,0.84986305
821,0.76922524
822,0.66537017
823,1.3877579
824,1.0184137
825,0.5682837
826,0.6891072
827,0.7564913
828,0.5126746
829,0.6629756
830,0.8815012
831,0.6643462
832,1.006373
833,1.1166146
834,0.7059123
835,0.65144426
836,0.5904771
837,1.0611494
838,0.5386595
839,0.89426434
840,1.2322848
841,1.0309407
842,0.5903621
843,1.4719328
844,0.56819546
845,0.4482731
846,0.77479213
847,0.6203021
848,0.8133842
849,1.281855
850,1.1422721
851,1.5316553
852,0.5118486
853,1.5688498
854,0.55651104
855,0.4930153
856,1.0341775
857,1.0333669
858,0.46982235
859,0.61277074
860,0.59884864
861,1.287574
862,0.7491735
863,0.866107
864,0.5084014
865,1.1305187
866,0.46806493
867,0.43034974
868,0.9103983
869,1.2272576
870,0.5885828
871,0.7849413
872,0.73768777
873,0.99158037
874,0.6507739
875,1.093207
876,0.62830377
877,0.6342974
878,0.6056459
879,1.4666293
880,0.71691746
881,1.7034438
882,0.49335203
883,0.42672196
884,0.5282717
885,0.57711744
886,0.6026248
887,0.38228244
888,1.6164688
889,0.7754632
890,1.1067492
891,1.04083
892,0.90812504
893,0.5271801
894,0.47629672
895,0.68470144
896,1.0510894
897,0.70951164
898,0.5861264
899,0.50566876
900,1.0629914
901,0.37868237
902,1.3788826
903,1.2230861
904,1.3290617
905,0.46052447
906,0.5906774
907,1.1084225
908,1.0341364
909,0.55667806
910,0.94718426
911,1.0241251
912,0.7139213
913,1.1671511
914,1.0297836
915,0.45678633
916,0.6607203
917,0.7435121
918,1.1751668
919,0.5503038
920,1.011951
921,0.5639469
922,0.48387313
923,1.4644592
924,0.7204758
925,0.6214182
926,0.71059287
927,0.70744294
928,0.82847226
929,0.734867
930,0.93826485
931,1.6561648
932,0.71734834
933,0.99343634
934,0.542587
935,0.85686475
936,1.208944
937,1.7233835
938,0.5084723
939,0.71951735
940,0.95381737
941,0.5910674
942,0.94643724
943,0.67936546
944,0.552676
945,0.48143062
946,0.9920553
947,0.7554856
948,0.4829227
949,1.019223
950,0.39920133
951,1.0821888
952,0.90068597
953,1.1322219
954,0.87585163
955,1.0257765
956,0.48416147
957,1.0360239
958,0.45673585
959,0.56371367
960,0.9140908
961,0.4829741
962,0.80569124
963,1.3467021
964,1.6279339
965,0.75953597
966,0.7432062
967,0.5088396
968,1.2070551
969,0.6794616
970,1.5704503
971,0.98401034
972,0.93368053
973,1.3570849
974,0.7859448
975,1.1035874
976,1.272535
977,0.6415646
978,0.6538521
979,1.0054758
980,1.2015232
981,0.41386205
982,1.0273466
983,1.527751
984,0.7082112
985,0.80029964
986,0.41635862
987,0.8177296
988,0.9023924
989,0.8549837
990,1.7148058
991,1.7005863
992,0.5748396
993,0.6151376
994,0.9285132
995,0.491527
996,1.514308
997,0.51839614
998,1.0759876
999,0.7830367
1000,0.55592483
1001,0.59212846
1002,0.85602176
1003,0.5330423
1004,1.2864459
1005,0.83322793
1006,0.49231616
1007,0.85935515
1008,0.56344414
1009,0.8798828
1010,0.7192016
1011,0.8966459
1012,1.1321499
1013,1.0235713
1014,0.9000942
1015,0.9845436
1016,0.7560316
1017,0.95507
1018,1.6251322
1019,0.47835597
1020,0.9363121
1021,1.825494
1022,0.93282413
1023,1.4408361
1024,0.8221818
1025,1.1237149
1026,1.2485062
1027,1.2040007
1028,0.6727362
1029,0.50140274
1030,0.8710945
1031,0.65615314
1032,1.117074
1033,0.6895071
1034,0.4808635
1035,0.9731372
1036,0.9516962
1037,0.71082056
1038,0.6515589
1039,0.7060057
1040,0.79189384
1041,0.53700817
1042,0.62774
1043,1.0824864
1044,0.57686883
1045,0.7035224
1046,0.7009798
1047,0.740633
1048,1.0496181
1049,0.51277316
1050,0.7444549
1051,1.2157968
1052,0.4616056
1053,1.1076072
1054,0.582026
1055,0.9461201
1056,0.6079685
1057,0.52844393
1058,1.5714014
1059,0.49197155
1060,0.7592028
1061,1.1197665
1062,1.1368898
1063,0.39631337
1064,0.5750806
1065,0.6531118
1066,1.4433849
1067,1.3359482
1068,1.2576923
1069,0.53137356
1070,1.2872244
1071,0.7080084
1072,0.9642731
1073,0.90301305
1074,0.77618873
1075,0.88594675
1076,0.7438173
1077,0.60432285
1078,0.52562284
1079,0.3845582
1080,1.2914679
1081,1.1758709
1082,0.95723933
1083,0.63347685
1084,1.0078726
1085,0.79045177
1086,0.67977774
1087,0.4645676
1088,1.5779049
1089,1.3456743
1090,1.0204502
1091,0.643289
1092,1.3263215
1093,0.62671155
1094,0.5145491
1095,2.1648126
1096,0.48749137
1097,0.5831769
1098,0.46590775
1099,0.703086
1100,0.4491531
1101,0.9731083
1102,0.5166253
1103,0.62783235
1104,0.546083
1105,1.1269536
1106,0.46946192
1107,0.7589238
1108,0.64709616
1109,1.4755994
1110,0.7480793
1111,1.3936105
1112,0.5357903
1113,0.7703419
1114,0.8102886
1115,0.5891244
1116,0.50972056
1117,0.5971557
1118,1.0253518
1119,1.3933523
1120,1.1992966
1121,0.97303784
1122,1.2121382
1123,0.88257325
1124,0.45609817
1125,1.4463217
1126,0.6016785
1127,0.89054805
1128,0.96776545
1129,1.3776463
1130,0.45289677
1131,0.75874716
1132,0.62392724
1133,0.93280256
1134,0.5990254
1135,1.0939935
1136,0.8502153
1137,0.6889735
1138,0.50367934
1139,0.8840496
1140,0.98540384
1141,0.7308849
1142,0.65355796
1143,0.6262597
1144,0.9438574
1145,0.4185497
1146,0.5879503
1147,0.44384605
1148,1.0337662
1149,1.1753843
1150,0.85276353
1151,0.62557596
1152,0.8017367
1153,0.66393244
1154,1.16491
1155,0.9545183
1156,0.7399341
1157,0.5463773
1158,1.2817167
1159,0.5913043
1160,0.55868894
1161,0.40063977
1162,0.8979597
1163,0.5144753
1164,0.7897191
1165,0.78558123
1166,0.48409873
1167,1.0564845
1168,0.626091
1169,0.96215165
1170,1.7484543
1171,0.495294
1172,0.5655033
1173,0.6148581
1174,1.4746851
1175,1.2729905
1176,0.5182011
1177,1.4235369
1178,1.2358148
1179,1.0980321
1180,1.0882361
1181,0.5382808
1182,0.5644819
1183,0.709103
1184,0.79084337
1185,0.63781863
1186,0.754882
1187,1.0673778
1188,1.160262
1189,0.5981619
1190,1.8561484
1191,0.49441662
1192,0.50467646
1193,0.8476197
1194,0.5503148
1195,0.70950854
1196,1.214871
1197,0.56706524
1198,0.43315488
1199,1.1720299
1200,0.46405727
1201,0.56714123
1202,1.3588523
1203,0.67379105
1204,1.0400956
1205,0.37767848
1206,1.0504208
1207,0.67282885
1208,1.095012
1209,0.88503915
1210,0.89911926
1211,1.0092424
1212,1.2944473
1213,1.6143135
1214,0.47671348
1215,2.034637
1216,0.55461234
1217,1.2534873
1218,0.7886769
1219,0.8719549
1220,0.8822479
1221,0.6236006
1222,1.7647715
1223,0.5272733
1224,0.48555106
1225,0.36717844
1226,0.6015227
1227,0.76491076
1228,0.895545
1229,1.0110157
1230,0.95867604
1231,1.0325015
1232,0.44092512
1233,0.50886095
1234,1.1311051
1235,0.51287675
1236,0.8029358
1237,0.5168878
1238,0.50845635
1239,1.2681487
1240,0.7034451
1241,0.65882367
1242,0.80505544
1243,1.8384527
1244,0.8306047
1245,0.7475278
1246,0.5404312
1247,0.5155398
1248,1.0273616
1249,0.532395
1250,0.6505314
1251,1.1821156
1252,0.5191245
1253,1.139214
1254,0.52686167
1255,0.43829456
1256,0.9687351
1257,1.1464033
1258,1.3661458
1259,1.3045142
1260,0.80446255
1261,1.3122238
1262,0.4472901
1263,0.51966035
1264,0.9076254
1265,0.4970928
1266,0.68265563
1267,0.75048834
1268,0.7484803
1269,0.7100856
1270,1.5266745
1271,0.5058948
1272,0.46545178
1273,0.47683802
1274,0.5048295
1275,0.66079247
1276,0.8530801
1277,0.5383116
1278,0.8680186
1279,0.6747645
1280,1.0535591
1281,0.52693844
1282,0.4390071
1283,1.2481682
1284,1.1031415
1285,0.5634499
1286,0.8141305
1287,1.0778726
1288,0.4743355
1289,0.70211524
1290,0.76869607
1291,0.44079503
1292,0.4650929
1293,0.6611233
1294,0.51569545
1295,0.52917516
1296,0.76530886
1297,0.57611334
1298,1.173378
1299,0.4632586
1300,0.78115875
1301,0.7538878
1302,0.6162101
1303,0.67467964
1304,1.0808699
1305,0.62741935
1306,0.68198836
1307,0.87941456
1308,0.43075722
1309,1.787392
1310,0.6898036
1311,0.82168674
1312,0.76468897
1313,1.5936306
1314,0.8144647
1315,1.6030277
1316,1.0192181
1317,1.7902609
1318,0.6246627
1319,1.4576418
1320,0.4179306
1321,0.9591125
1322,0.8984461
1323,0.74987686
1324,1.1642377
1325,0.7164673
1326,0.5278304
1327,0.9160019
1328,0.73201174
1329,0.4160076
1330,0.7556201
1331,1.3658702
1332,1.4629482
1333,0.6934437
1334,0.3991373
1335,0.6506072
1336,0.6001918
1337,0.73328817
1338,1.0578064
1339,0.5753783
1340,0.60931385
1341,1.1994102
1342,0.5385544
1343,0.682881
1344,0.8929199
1345,0.6027096
1346,0.48992175
1347,0.4783958
1348,0.60411716
1349,0.40104753
1350,0.9868023
1351,0.7486805
1352,1.0550715
1353,0.8236518
1354,0.5544136
1355,0.93601876
1356,1.7439909
1357,0.8590708
1358,1.189714
1359,1.8791466
1360,0.8194563
1361,0.5022973
1362,0.8128871
1363,1.0279006
1364,1.6711454
1365,0.4529828
1366,0.8968862
1367,0.51240015
1368,0.829294
1369,0.70766866
1370,0.66771305
1371,0.66781443
1372,0.69103396
1373,0.97471493
1374,1.825992
1375,0.83339584
1376,1.4036283
1377,0.8399828
1378,0.862587
1379,1.3674005
1380,0.57673645
1381,0.5853096
1382,1.0219944
1383,1.7036034
1384,0.9175744
1385,0.7461723
1386,0.5821518
1387,0.7240733
1388,0.69582105
1389,1.3141122
1390,1.242562
1391,0.6877378
1392,0.5295509
1393,1.5923634
1394,0.77017194
1395,1.6686947
1396,0.5331203
1397,0.6122209
1398,1.519409
1399,0.73618525
1400,0.59666747
1401,0.69105333
1402,0.8458134
1403,0.95545006
1404,1.0396405
1405,0.9033119
1406,0.440028
1407,0.72135013
1408,0.53588605
1409,0.9418582
1410,0.47396606
1411,0.75157917
1412,0.54569656
1413,0.44661918
1414,0.5051591
1415,1.0711457
1416,0.6334859
1417,0.7528164
1418,0.57468116
1419,0.60735464
1420,0.7454548
1421,0.45495233
1422,1.1409867
1423,0.40625113
1424,0.49167985
1425,0.8334135
1426,0.5701245
1427,0.48060122
1428,0.7355441
1429,0.95792115
1430,1.3824687
1431,0.6447662
1432,0.47752857
1433,1.2499596
1434,0.4224845
1435,0.44581938
1436,1.1299248
1437,0.5731696
1438,0.53673714
1439,0.84642804
1440,1.0258858
1441,0.60771805
1442,0.9127075
1443,0.9400401
1444,0.6956933
1445,0.420964
1446,0.5525604
1447,0.9608324
1448,1.2115211
1449,0.57341254
1450,0.808023
1451,1.1362169
1452,0.7538594
1453,1.0401452
1454,0.60601366
1455,1.5777653
1456,1.1717087
1457,0.76127976
1458,0.6194249
1459,0.5599091
1460,0.47072047
1461,0.66475284
1462,0.65744704
1463,0.8096612
1464,0.7630728
1465,0.5855128
1466,1.6482929
1467,0.7798175
1468,0.9863796
1469,0.4168221
1470,1.1341081
1471,1.4726223
1472,1.0344265
1473,0.6585223
1474,0.999534
1475,1.2604119
1476,0.448059
1477,0.6730794
1478,0.7334712
1479,1.5581257
1480,0.78855217
1481,1.1045439
1482,1.1863569
1483,1.5318639
1484,1.45023
1485,0.5264325
1486,0.86608887
1487,0.6779296
1488,0.5441039
1489,0.8141643
1490,1.7543958
1491,1.2357308
1492,0.71879303
1493,0.89483225
1494,0.58623886
1495,0.5486636
1496,0.9689498
1497,0.6059412
1498,0.43756914
1499,0.44755846
1500,0.50048816
1501,0.5225612
1502,0.96746796
1503,0.41738993
1504,0.42047435
1505,0.71123445
1506,0.57506037
1507,1.2512863
1508,0.56470585
1509,0.8489739
1510,1.0922377
1511,0.48611203
1512,0.64110374
1513,0.9729141
1514,0.46686664
1515,1.0980661
1516,0.5630181
1517,1.2531338
1518,0.7163321
1519,0.6732931
1520,0.66638815
1521,0.42684078
1522,1.1669236
1523,0.75096047
1524,0.843458
1525,0.5110562
1526,0.9931696
1527,0.5626241
1528,0.7610413
1529,0.94696665
1530,1.2463791
1531,1.0602322
1532,0.80139685
1533,1.0894305
1534,0.78708076
1535,1.1582346
1536,0.5314535
1537,1.0386053
1538,0.9081503
1539,0.8708431
1540,0.7982894
1541,0.5815673
1542,0.62359387
1543,1.0805557
1544,0.4591686
1545,0.8695389
1546,1.1538701
1547,0.8891343
1548,0.45383215
1549,0.6100294
1550,0.5555998
1551,1.6718651
1552,1.3816856
1553,0.71107006
1554,1.9149662
1555,0.63704264
1556,1.8315201
1557,1.2410566
1558,0.41121516
1559,0.7912059
1560,0.9167862
1561,0.3552986
1562,0.46218604
1563,1.8383505
1564,1.6213669
1565,0.45336944
1566,0.6035732
1567,0.9551403
1568,0.52664053
1569,1.3016828
1570,0.8633293
1571,0.5707194
1572,0.77786905
1573,1.4240223
1574,0.4248632
1575,0.480148
1576,1.0915524
1577,0.60917836
1578,0.4067282
1579,0.79274315
1580,0.8150536
1581,1.9514459
1582,1.7544607
1583,0.81332016
1584,0.99553883
1585,1.9688957
1586,1.0851836
1587,0.8132666
1588,0.58469045
1589,0.75804967
1590,0.9721443
1591,1.4468243
1592,0.5984205
1593,0.8533672
1594,1.8971531
1595,0.70121634
1596,1.0485566
1597,0.5216306
1598,0.59653884
1599,1.1515462
1600,0.9676304
1601,0.7043917
1602,0.50757563
1603,1.0666463
1604,1.0586512
1605,0.5980158
1606,0.41115975
1607,0.7710776
1608,0.61222166
1609,1.1145945
1610,0.8273118
1611,2.0045993
1612,0.4041935
1613,0.4712736
1614,0.63477004
1615,1.1844027
1616,1.6054876
1617,0.66939414
1618,0.7717521
1619,0.9309925
1620,1.3097038
1621,1.3864486
1622,1.5544639
1623,1.0481352
1624,0.4437534
1625,0.5437803
1626,0.8559704
1627,1.0075638
1628,0.48206463
1629,0.9164647
1630,0.78238744
1631,0.66792274
1632,0.46737605
1633,1.5273569
1634,0.6407856
1635,1.1706731
1636,0.8083743
1637,1.1783783
1638,0.80027723
1639,0.918424
1640,1.0553179
1641,1.5282861
1642,0.79056203
1643,1.5194017
1644,0.5152047
1645,0.530412
1646,1.5530152
1647,0.6766323
1648,0.4591299
1649,0.66386634
1650,1.5565469
1651,1.399293
1652,0.7033135
1653,1.291658
1654,0.54268783
1655,0.46784982
1656,0.5480989
1657,0.6749753
1658,1.4508334
1659,0.861671
1660,0.9534195
1661,0.5902969
1662,0.8349813
1663,0.4740315
1664,1.0641377
1665,0.6595465
1666,0.6472293
1667,1.3282478
1668,0.9909798
1669,1.4002142
1670,1.2941552
1671,0.70601773
1672,0.6853839
1673,1.1338558
1674,0.65262383
1675,1.653723
1676,0.49082914
1677,0.40429896
1678,0.9099701
1679,1.6642243
1680,1.5318058
1681,0.8508321
1682,0.8595325
1683,0.81997746
1684,0.9549282
1685,0.49569464
1686,0.50323117
1687,0.5654043
1688,0.9285533
1689,1.2677795
1690,0.65758646
1691,0.6665238
1692,1.3255401
1693,1.182286
1694,0.6435665
1695,0.64595115
1696,1.2005284
1697,0.51123196
1698,0.6914753
1699,1.5014799
1700,0.88889897
1701,1.6164749
1702,1.4082572
1703,1.0568423
1704,0.82274264
1705,0.46172532
1706,0.8655636
1707,1.4407068
1708,0.5697839
1709,1.050611
1710,0.4320949
1711,0.9822267
1712,0.55929196
1713,0.587727
1714,0.9981003
1715,1.2330525
1716,0.9085921
1717,1.2111747
1718,1.1680862
1719,0.48431396
1720,0.8131978
1721,0.60607064
1722,1.1371827
1723,1.0396723
1724,0.74985754
1725,0.6977668
1726,0.99438953
1727,2.087776
1728,0.8680684
1729,1.0307652
1730,0.4620339
1731,0.55054796
1732,1.2074517
1733,0.5461478
1734,1.1658617
1735,1.3793404
1736,0.95394295
1737,1.2399575
1738,0.87578565
1739,1.2663962
1740,0.4945423
1741,1.1015619
1742,0.6819397
1743,1.0152947
1744,0.81173486
1745,0.7128829
1746,0.4560155
1747,1.172322
1748,0.56709254
1749,0.9189841
1750,0.9504453
1751,1.0519778
1752,0.88189447
1753,0.7778868
1754,0.5932252
1755,1.1314155
1756,1.5099325
1757,1.6390927
1758,0.81158084
1759,0.46830884
1760,0.59604245
1761,0.9243523
1762,1.0135778
1763,1.10532
1764,0.44006044
1765,0.47777972
1766,1.1131783
1767,0.83268183
1768,0.5580882
1769,1.404775
1770,0.64759254
1771,1.6436774
1772,0.99424297
1773,1.4595007
1774,0.4987145
1775,0.51114345
1776,0.8873166
1777,1.0731199
1778,0.7461139
1779,0.926177
1780,0.73623013
1781,0.4911274
1782,0.6664192
1783,0.6282538
1784,0.83016837
1785,0.50931156
1786,0.70353216
1787,0.95424014
1788,0.6043655
1789,0.7113004
1790,1.0876813
1791,0.5000336
1792,1.1502117
1793,0.46348992
1794,0.5632478
1795,1.0924742
1796,1.541843
1797,1.6354109
1798,0.44754648
1799,0.77600193
1800,1.0910143
1801,0.72876954
1802,1.509977
1803,1.1844167
1804,1.2006805
1805,0.61366403
1806,1.0053787
1807,0.56303144
1808,0.5113752
1809,0.99088347
1810,0.7419056
1811,0.8921979
1812,0.5215459
1813,0.8762741
1814,0.870823
1815,0.604787
1816,0.83843297
1817,0.57146466
1818,0.9192096
1819,0.49219328
1820,0.5795183
1821,0.6501629
1822,1.3454511
1823,0.55942476
1824,0.55037785
1825,1.292062
1826,0.5533592
1827,1.1750772
1828,0.7057775
1829,1.1466395
1830,0.8085612
1831,0.7525674
1832,0.89775485
1833,0.60225296
1834,0.42214212
1835,0.8698069
1836,1.1116832
1837,1.059725
1838,1.1687634
1839,0.7219185
1840,0.52085
1841,1.1849382
1842,0.72293895
1843,1.1982371
1844,0.8067471
1845,0.90129197
1846,1.0114948
1847,1.2048414
1848,0.5104972
1849,0.9310671
1850,0.7113281
1851,0.9377512
1852,0.7158195
1853,0.7494642
1854,0.48067775
1855,0.9757372
1856,0.5461494
1857,0.44846812
1858,0.6041554
1859,1.178134
1860,0.52020186
1861,1.1663826
1862,0.900976
1863,0.7577289
1864,0.83571374
1865,1.5049448
1866,0.92528856
1867,0.83291703
1868,0.7443829
1869,1.2867091
1870,0.54485255
1871,1.3698522
1872,1.6814057
1873,0.6410085
1874,0.50144094
1875,1.1373152
1876,0.52518016
1877,1.0517555
1878,1.4699104
1879,0.4863503
1880,0.7733196
1881,0.4580915
1882,0.4473235
1883,0.5168737
1884,0.9448326
1885,1.010045
1886,0.96613437
1887,1.6202635
1888,1.3001887
1889,1.0121033
1890,1.1298615
1891,0.59274673
1892,1.138805
1893,1.0137453
1894,0.686376
1895,1.8947
1896,1.112747
1897,0.69275063
1898,1.3701627
1899,0.48558387
1900,0.5086328
1901,0.6474698
1902,0.46008715
1903,0.5047803
1904,0.6325072
1905,0.96315277
1906,0.930607
1907,1.0383313
1908,1.6688712
1909,0.8719801
1910,0.54909545
1911,0.9889759
1912,1.3490286
1913,0.6356306
1914,0.93537587
1915,0.521155
1916,1.434979
1917,0.87271357
1918,0.40513235
1919,0.6487441
1920,1.1859453
1921,0.64646524
1922,1.0088211
1923,0.86214256
1924,0.585466
1925,0.6593231
1926,0.56616867
1927,1.9356226
1928,1.2616808
1929,0.9383383
1930,1.9301617
1931,0.87636137
1932,0.78255
1933,0.8696681
1934,0.77944106
1935,0.54061514
1936,0.8503581
1937,1.2009308
1938,0.66827923
1939,1.2262177
1940,0.6522864
1941,0.53781044
1942,0.44064465
1943,1.9471525
1944,0.6070465
1945,0.7017662
1946,0.8710917
1947,0.61598325
1948,0.8824781
1949,1.049704
1950,0.4196159
1951,0.3649306
1952,0.6124899
1953,0.5217258
1954,0.54270136
1955,0.5993878
1956,0.66531885
1957,1.1367658
1958,1.0828781
1959,0.94912493
1960,0.6246513
1961,0.42508984
1962,0.91981065
1963,0.816319
1964,0.47344917
1965,1.0316423
1966,0.6230508
1967,0.6378313
1968,0.54209405
1969,0.63920665
1970,0.98490304
1971,0.46352583
1972,1.2130806
1973,0.6691145
1974,2.1415467
1975,1.343491
1976,1.0744975
1977,1.6816851
1978,1.1229007
1979,1.1799015
1980,0.5009333
1981,0.8596414
1982,0.5553297
1983,1.1142495
1984,0.85705614
1985,1.1413454
1986,0.7222119
1987,0.8557116
1988,1.4771782
1989,0.66172206
1990,0.5923377
1991,0.9350233
1992,0.59687716
1993,0.61387527
1994,1.4224864
1995,0.88733435
1996,0.49665737
1997,1.2284844
1998,0.48148108
1999,0.731794
2000,1.8859203
2001,0.784418
2002,1.2645234
2003,0.59676516
2004,0.47205672
2005,1.0362593
2006,0.5493547
2007,1.3211466
2008,0.75543517
2009,0.64944935
2010,0.9471505
2011,0.7848179
2012,1.0829132
2013,0.77727354
2014,0.888204
2015,0.6530697
2016,0.7068833
2017,1.2253199
2018,0.69238806
2019,0.8677044
2020,1.5091617
2021,1.7310364
2022,1.7166989
2023,0.8704195
2024,1.6648605
2025,1.2930505
2026,0.6471035
2027,0.94828445
2028,0.45796767
2029,1.2527428
2030,0.49491325
2031,0.42090768
2032,0.54968965
2033,0.7405055
2034,1.6054528
2035,1.0058101
2036,0.9303708
2037,0.8794119
2038,0.9950121
2039,1.0376912
2040,1.0065596
2041,1.5366747
2042,1.4671665
2043,1.0044069
2044,0.9327248
2045,0.59233314
2046,1.4572484
2047,1.0313791
2048,0.739466
2049,0.60181737
2050,0.87905186
2051,1.1070843
2052,0.876788
2053,0.8805458
2054,1.1584991
2055,0.9289554
2056,1.1741563
2057,0.63237524
2058,0.57699656
2059,0.9649013
2060,0.86725104
2061,0.6963062
2062,0.92183506
2063,0.6201116
2064,0.9558681
2065,0.5813444
2066,0.730862
2067,0.41765776
2068,1.6839502
2069,0.61439055
2070,1.1858565
2071,0.9241201
2072,0.89244425
2073,0.56545365
2074,1.0976353
2075,0.561598
2076,0.70630205
2077,0.7820867
2078,0.6763793
2079,1.1790388
2080,1.4512144
2081,0.98617077
2082,1.03975
2083,0.55502445
2084,0.64539737
2085,0.7327429
2086,1.2686125
2087,0.70589256
2088,0.86858875
2089,1.0126028
2090,0.84738195
2091,1.7849205
2092,0.5024031
2093,1.0344349
2094,1.3679264
2095,1.0688267
2096,0.51786816
2097,0.9606756
2098,1.5602753
2099,0.9603494
2100,0.4611799
2101,0.4729969
2102,0.6387779
2103,0.84173775
2104,0.9912111
2105,0.44606382
2106,0.88930017
2107,1.3272543
2108,1.3489307
2109,1.2440815
2110,0.51417553
2111,0.5080164
2112,1.0292139
2113,0.7112097
2114,0.88367575
2115,1.0836738
2116,0.6845843
2117,0.9150832
2118,1.9504592
2119,0.8690629
2120,0.64843094
2121,0.9622327
2122,0.61329865
2123,1.3155961
2124,0.5570709
2125,1.1491616
2126,0.85605365
2127,0.51328087
2128,0.8734337
2129,2.1027179
2130,1.2169244
2131,0.9256522
2132,1.8731406
2133,0.6652543
2134,0.6394027
2135,1.7546475
2136,0.75418025
2137,1.9074609
2138,0.66180706
2139,0.7183455
2140,1.0934759
2141,1.1024888
2142,0.77405167
2143,1.275567
2144,0.57931364
2145,1.6578804
2146,0.79966146
2147,1.1402881
2148,0.797011
2149,0.4509337
2150,0.48986873
2151,0.86983985
2152,0.53618735
2153,1.2681875
2154,0.98680955
2155,0.7991814
2156,1.1002935
2157,0.73654735
2158,1.0663452
2159,1.4905097
2160,0.5494432
2161,0.74659824
2162,0.81475943
2163,0.6121415
2164,1.4039434
2165,1.3813946
2166,0.49811387
2167,0.45904368
2168,0.705839
2169,0.40737996
2170,1.079174
2171,0.6909769
2172,1.3034813
2173,0.95152074
2174,1.8073075
2175,0.6663021
2176,0.9459224
2177,1.7439722
2178,0.72644526
2179,0.52042484
2180,0.4881441
2181,0.49681348
2182,1.0416151
2183,2.1330812
2184,0.9908825
2185,0.56356823
2186,0.54433465
2187,0.5028087
2188,0.7907415
2189,1.3810172
2190,0.9026271
2191,0.8579766
2192,0.9057261
2193,0.75078374
2194,0.7876853
2195,0.83500546
2196,0.5738834
2197,0.6997478
2198,1.7165382
2199,0.56788015
2200,0.78570545
2201,0.85430545
2202,1.0725073
2203,0.8184992
2204,0.561844
2205,0.7311817
2206,0.5471214
2207,0.8923259
2208,0.46120486
2209,0.5357894
2210,1.648082
2211,0.64406216
2212,1.1574807
2213,0.9691728
2214,1.467747
2215,0.54729825
2216,0.5523117
2217,1.0707705
2218,0.54367995
2219,1.0542328
2220,0.8024057
2221,0.7585363
2222,0.70145965
2223,1.0465157
2224,0.8615459
2225,0.69366014
2226,0.44736904
2227,0.58365333
2228,0.9224633
2229,0.5143846
2230,0.60060245
2231,1.1950465
2232,0.78920376
2233,0.70660794
2234,0.4813661
2235,1.9215664
2236,0.6653578
2237,0.5236703
2238,1.4192564
2239,0.49363738
2240,0.5403504
2241,0.6008641
2242,0.9790697
2243,0.6305323
2244,0.9983013
2245,2.0436952
2246,1.1149938
2247,0.49974284
2248,0.51041114
2249,0.7616333
2250,0.4406318
2251,0.9043619
2252,0.8957205
2253,0.49043322
2254,0.62509805
2255,0.6983066
2256,1.0187387
2257,0.6839064
2258,0.6757532
2259,1.9235795
2260,0.97202146
2261,1.6972141
2262,0.65363157
2263,0.5137664
2264,0.45071906
2265,0.75714743
2266,0.5074166
2267,0.62383
2268,0.81186926
2269,0.5925756
2270,0.8773745
2271,0.44391784
2272,0.53883314
2273,0.99256814
2274,1.7990211
2275,0.55381
2276,0.60720444
2277,0.5576037
2278,0.8101308
2279,0.9004258
2280,0.88754416
2281,1.2598724
2282,0.45793515
2283,0.9334569
2284,0.80613786
2285,0.63413376
2286,1.3575472
2287,1.9164765
2288,0.4707213
2289,1.6553234
2290,0.52603465
2291,0.9081875
2292,1.2517388
2293,0.6038487
2294,1.7296177
2295,1.044162
2296,0.68869305
2297,0.6269148
2298,0.49218646
2299,0.54063284
2300,0.7886535
2301,0.4293713
2302,0.78988564
2303,1.1629078
2304,0.73331976
2305,0.67659855
2306,0.8107384
2307,0.69016826
2308,1.1473024
2309,0.9050875
2310,0.70174325
2311,0.66180813
2312,0.94251204
2313,0.5101663
2314,0.49099165
2315,0.62423503
2316,0.83122075
2317,0.8475935
2318,1.436307
2319,0.7107046
2320,1.1748893
2321,0.85265243
2322,1.0610521
2323,0.62614375
2324,0.6230989
2325,0.9812304
2326,0.9754758
2327,0.41230687
2328,0.8939651
2329,0.72638094
2330,0.8249507
2331,1.3365204
2332,0.919944
2333,0.9165083
2334,0.8023488
2335,1.5504254
2336,1.3339661
2337,0.5032471
2338,0.5300251
2339,0.56120455
2340,0.4647389
2341,0.7650717
2342,0.6487675
2343,0.8211033
2344,0.97204316
2345,0.7409517
2346,0.74628776
2347,1.6836855
2348,0.69782025
2349,1.0068407
2350,1.1852525
2351,1.0013344
2352,1.5794029
2353,0.45306548
2354,1.4213498
2355,0.67502654
2356,0.713456
2357,0.83032453
2358,0.58607435
2359,0.4008541
2360,0.90598345
2361,0.5046627
2362,0.64835644
2363,0.95250237
2364,0.9023722
2365,0.8222464
2366,1.3922741
2367,1.748202
2368,0.8902794
2369,0.982168
2370,1.220674
2371,1.5640608
2372,1.0067562
2373,0.8775765
2374,0.9738842
2375,0.9101073
2376,0.5939519
2377,1.7827947
2378,0.73362434
2379,1.1625601
2380,0.7591589
2381,0.4583482
2382,1.6821331
2383,1.0307516
2384,1.1557975
2385,1.3253771
2386,0.700687
2387,1.213152
2388,0.74256694
2389,0.553409
2390,1.2492815
2391,0.52465546
2392,2.056101
2393,0.8574907
2394,0.843129
2395,1.0254946
2396,0.85428494
2397,0.5146543
2398,0.66335213
2399,0.88264847
2400,0.87333745
2401,1.572188
2402,0.49974203
2403,0.5005015
2404,1.4824264
2405,0.38227582
2406,0.41276416
2407,0.50507975
2408,1.133951
2409,0.90854377
2410,0.87543297
2411,0.88053834
2412,0.6031945
2413,0.4749412
2414,0.46119237
2415,0.82473105
2416,2.1257346
2417,0.98985463
2418,0.5312418
2419,0.95504665
2420,0.89318675
2421,0.43702984
2422,0.56189775
2423,1.0938885
2424,1.4625787
2425,1.0413058
2426,0.6868281
2427,1.4840685
2428,0.5838105
2429,1.1890829
2430,0.55124074
2431,0.7296975
2432,0.6095589
2433,1.7955872
2434,0.5246258
2435,0.7932325
2436,1.5745494
2437,0.83867645
2438,0.51946765
2439,0.7660975
2440,1.0660069
2441,0.5580733
2442,0.4847578
2443,0.8285282
2444,0.7591349
2445,1.8867579
2446,0.5656558
2447,0.95511544
2448,0.4624195
2449,0.8291478
2450,0.70483595
2451,0.6315864
2452,0.5359966
2453,1.1295207
2454,0.6089398
2455,0.6756088
2456,0.5048748
2457,0.6615329
2458,0.8616974
2459,0.5544012
2460,0.58569413
2461,1.1300106
2462,1.2072616
2463,0.69614923
2464,0.9100604
2465,0.48759347
2466,0.4763226
2467,0.4761437
2468,0.8247612
2469,0.4682699
2470,1.5258423
2471,1.0462396
2472,0.5273613
2473,0.9099886
2474,1.2884777
2475,0.696478
2476,0.47465935
2477,0.5887958
2478,1.5806177
2479,0.64515144
2480,1.048559
2481,1.8850609
2482,0.5719023
2483,0.46218807
2484,0.96398276
2485,1.6501576
2486,1.8130434
2487,0.8443538
2488,0.81551135
2489,1.6126448
2490,0.926071
2491,0.6752721
2492,0.7107929
2493,0.42105246
2494,0.9276635
2495,0.4515636
2496,1.9823809
2497,1.0919764
2498,1.1682396
2499,0.7721998
2500,1.8862622
2501,1.3056896
2502,0.97590363
2503,0.85785806
2504,0.8961145
2505,1.7554966
2506,0.44801483
2507,1.3797407
2508,0.737496
2509,0.8491999
2510,1.6900928
2511,1.1855782
2512,1.1334164
2513,0.9976424
2514,1.4993461
2515,0.6271415
2516,1.1713136
2517,0.55656415
2518,0.52237505
2519,0.96555394
2520,0.9691703
2521,0.4647673
2522,0.72378695
2523,0.7032048
2524,0.65295994
2525,1.3916501
2526,1.0065448
2527,0.70946085
2528,0.46473876
2529,0.65818626
2530,0.6749991
2531,0.8005923
2532,0.5805189
2533,0.79401857
2534,1.504688
2535,1.0284364
2536,1.0293295
2537,1.00262
2538,1.1010821
2539,0.85668975
2540,0.7118245
2541,0.719149
2542,0.98532426
2543,1.4054215
2544,0.709926
2545,0.683795
2546,0.9345169
2547,0.6259677
2548,0.8663515
2549,0.7522491
2550,1.6154398
2551,1.0753381
2552,1.0996232
2553,0.9465312
2554,1.6489284
2555,0.5523063
2556,0.6533905
2557,1.0721071
2558,0.7969766
2559,0.9565381
2560,0.6088544
2561,0.6389345
2562,0.7769059
2563,1.4982483
2564,1.088156
2565,0.95208013
2566,1.2234266
2567,1.4855173
2568,1.2350147
2569,0.5771442
2570,0.5458006
2571,0.43615484
2572,0.71972454
2573,1.0673252
2574,0.6079658
2575,0.77071726
2576,0.86985844
2577,0.95622313
2578,1.2972318
2579,0.59706914
2580,1.6159828
2581,0.56636417
2582,0.5670417
2583,1.253445
2584,0.57082367
2585,0.66464436
2586,0.7110178
2587,0.61850035
2588,1.7689931
2589,0.72882855
2590,0.61549217
2591,0.6885234
2592,0.71399623
2593,0.6112005
2594,1.1057419
2595,1.0662031
2596,0.6412951
2597,1.2993784
2598,1.0957605
2599,1.0597719
2600,0.6586237
2601,1.4974446
2602,0.7427707
2603,0.9230483
2604,0.8852867
2605,0.41236377
2606,0.6454456
2607,0.668285
2608,0.5396387
2609,0.8480422
2610,1.0509375
2611,0.44336003
2612,0.6626353
2613,0.90808475
2614,0.65035456
2615,0.5511019
2616,1.4232146
2617,0.76022327
2618,0.94606084
2619,1.9105374
2620,0.4960521
2621,0.93049824
2622,0.8085434
2623,1.1049988
2624,0.5441659
2625,0.98688614
2626,0.7672076
2627,0.8938465
2628,0.99570787
2629,0.6080634
2630,0.53120977
2631,0.82920885
2632,1.753299
2633,1.6346929
2634,0.58705413
2635,0.58643115
2636,1.2442796
2637,1.7024816
2638,1.7667687
2639,0.9237617
2640,0.8898899
2641,1.1999037
2642,1.2504532
2643,0.3992865
2644,0.81885254
2645,0.55119944
2646,0.7843169
2647,1.0620046
2648,2.0681772
2649,1.6090504
2650,0.6171566
2651,0.9951204
2652,0.51374125
2653,1.6673416
2654,0.5826079
2655,0.80258733
2656,1.9057629
2657,0.42509308
2658,0.8872193
2659,0.5549821
2660,0.9754176
2661,1.0500953
2662,0.9200932
2663,1.0545138
2664,0.634166
2665,1.0929223
2666,0.70912045
2667,0.70194143
2668,0.7039849
2669,0.8339817
2670,0.4102826
2671,0.7570589
2672,0.56925917
2673,0.64326775
2674,0.843757
2675,0.7626914
2676,0.9606121
2677,1.0826864
2678,1.6449051
2679,2.042221
2680,0.57884437
2681,0.53093994
2682,0.548018
2683,1.069927
2684,0.5402044
2685,1.1058354
2686,0.79417646
2687,1.1428924
2688,1.1367048
2689,0.51399547
2690,0.5490766
2691,1.0941236
2692,0.4161676
2693,1.7027247
2694,0.6471001
2695,0.63837373
2696,0.8747342
2697,0.41095766
2698,1.916372
2699,1.200661
2700,1.1214422
2701,0.60426426
2702,1.2185016
2703,0.5081438
2704,0.9328281
2705,1.1575407
2706,0.60961807
2707,1.0473999
2708,0.79286295
2709,0.8986169
2710,0.5475513
2711,0.76817894
2712,0.75673395
2713,1.4250882
2714,0.6134338
2715,1.9997944
2716,0.3993973
2717,0.6037792
2718,1.4991244
2719,0.83843106
2720,0.5975735
2721,1.0162232
2722,0.49961907
2723,0.6964499
2724,0.83197975
2725,1.4373609
2726,0.5736077
2727,0.52099246
2728,0.48025805
2729,0.8984026
2730,1.0416229
2731,0.75702655
2732,1.1071844
2733,1.1469828
2734,0.91371137
2735,1.3024664
2736,0.43157053
2737,1.8556244
2738,0.80463296
2739,0.7012465
2740,1.1242594
2741,0.4624034
2742,0.8404892
2743,0.93690264
2744,0.84700155
2745,0.82861626
2746,0.7337308
2747,1.0738792
2748,1.3043861
2749,0.767374
2750,0.89162385
2751,0.9822906
2752,1.689045
2753,0.5586096
2754,0.77875686
2755,1.0688131
2756,0.47125325
2757,1.625561
2758,0.5487621
2759,0.66870576
2760,0.4264966
2761,1.328552
2762,1.0311733
2763,0.56741524
2764,1.4030935
2765,1.4303585
2766,0.5659094
2767,0.9876564
2768,0.57118154
2769,0.54393065
2770,0.45881325
2771,0.76063186
2772,0.83433694
2773,0.49044138
2774,0.7775079
2775,0.87766826
2776,0.8370086
2777,1.08302
2778,1.2933813
2779,0.47591668
2780,0.617075
2781,0.5012778
2782,1.432934
2783,0.98657846
2784,0.76625305
2785,0.917595
2786,0.5172236
2787,0.8916367
2788,0.71173817
2789,0.54372185
2790,1.2967762
2791,0.44874486
2792,0.40674615
2793,1.1939944
2794,0.6321815
2795,0.77993125
2796,0.66599
2797,0.9873301
2798,1.2265736
2799,0.9656302
2800,0.7861451
2801,1.8496374
2802,0.6516255
2803,0.93966496
2804,0.5248415
2805,0.41875243
2806,0.93165874
2807,0.91308534
2808,1.1461102
2809,0.5896118
2810,0.86414945
2811,0.98671454
2812,0.55572855
2813,0.8673957
2814,0.66754997
2815,0.78606576
2816,0.9723822
2817,0.9121391
2818,0.6914952
2819,1.4110875
2820,0.7959696
2821,1.6800057
2822,0.49525458
2823,1.164411
2824,0.8651026
2825,0.8846629
2826,1.3222796
2827,1.2002099
2828,0.7639918
2829,1.0055577
2830,0.42851892
2831,0.7458429
2832,1.061277
2833,1.1320994
2834,2.066567
2835,0.7840602
2836,0.7630186
2837,0.6684534
2838,0.4359397
2839,0.82951105
2840,0.5124527
2841,1.1589077
2842,0.8880599
2843,1.3679371
2844,0.5549617
2845,0.65083206
2846,1.3073933
2847,1.2206182
2848,0.55566
2849,1.2310032
2850,1.5375718
2851,1.5112364
2852,0.38572946
2853,0.6776049
2854,0.57430667
2855,2.1793773
2856,1.1973058
2857,0.47792593
2858,1.8746017
2859,0.9941045
2860,1.5514343
2861,1.3356078
2862,0.5441714
2863,0.6822674
2864,0.42823917
2865,0.38888645
2866,0.9069395
2867,0.76553
2868,1.277313
2869,0.63705474
2870,1.192518
2871,1.2352984
2872,1.5001165
2873,0.6803204
2874,0.56611633
2875,0.92780954
2876,1.2830204
2877,0.5969327
2878,0.6764494
2879,0.4855846
2880,1.0505961
2881,0.4740711
2882,0.50317246
2883,0.5105024
2884,1.6097529
2885,0.8807944
2886,0.60954684
2887,0.48500425
2888,0.5162865
2889,0.6672615
2890,1.0180268
2891,0.8019354
2892,0.45920572
2893,0.988129
2894,1.0024294
2895,0.71084785
2896,0.92359
2897,1.3591754
2898,0.48500973
2899,1.7117046
2900,1.0604877
2901,1.0287563
2902,0.7147797
2903,0.97402287
2904,0.67428625
2905,0.90704364
2906,0.80009824
2907,0.49077708
2908,0.76990473
2909,0.5849802
2910,0.8254172
2911,1.0093801
2912,0.94959927
2913,1.0306122
2914,1.0197524
2915,1.0407046
2916,0.786874
2917,0.8154887
2918,0.9391569
2919,0.7568508
2920,1.2731638
2921,0.4850564
2922,1.3746198
2923,0.44074637
2924,0.45916826
2925,1.147782
2926,0.6229602
2927,0.86157244
2928,0.5831231
2929,0.7076856
2930,0.60886437
2931,0.8586836
2932,1.037299
2933,0.5131772
2934,1.419351
2935,1.0105946
2936,0.70564824
2937,0.8854289
2938,0.9327839
2939,0.9127747
2940,0.6926774
2941,0.8375929
2942,0.5994995
2943,0.88303435
2944,0.49645108
2945,0.54239297
2946,0.980402
2947,0.4743374
2948,0.9958908
2949,0.9327389
2950,0.73229593
2951,0.71654093
2952,0.6872563
2953,0.4791898
2954,0.87835675
2955,0.8305122
2956,1.6948103
2957,0.69116133
2958,1.3719103
2959,0.6310331
2960,2.0511603
2961,0.5485402
2962,0.5338559
2963,1.5285373
2964,1.8961359
2965,0.6218233
2966,1.9081341
2967,0.7645902
2968,0.7380107
2969,0.42834488
2970,2.1188922
2971,0.668702
2972,1.7767127
2973,1.3485079
2974,0.532575
2975,1.4171288
2976,0.86662626
2977,0.56969404
2978,0.49723846
2979,0.59363896
2980,0.9348284
2981,1.1137114
2982,0.9343947
2983,0.9072112
2984,1.118334
2985,0.96127397
2986,0.5318315
2987,1.8744671
2988,0.61128455
2989,0.64774334
2990,1.7217706
2991,0.9359031
2992,0.6218151
2993,0.509092
2994,0.8610075
2995,1.0381823
2996,0.53824264
2997,1.0260859
2998,1.0583237
2999,0.6131407
3000,1.8941326
3001,0.788861
3002,0.6839731
3003,0.8623642
3004,1.1765995
3005,1.0334346
3006,1.7481172
3007,0.9552146
3008,1.1707723
3009,0.67884564
3010,1.1620862
3011,0.4479211
3012,0.8174901
3013,0.6873007
3014,0.6252943
3015,0.7692197
3016,1.0628697
3017,1.1070902
3018,0.4347748
3019,0.5408202
3020,0.44152242
3021,1.4580257
3022,0.71140057
3023,0.6649483
3024,0.73103076
3025,1.2520185
3026,0.46619272
3027,0.51109874
3028,0.8921701
3029,0.66107494
3030,1.4740034
3031,0.7814155
3032,0.45805183
3033,0.39217156
3034,0.5781778
3035,1.189758
3036,0.6786483
3037,0.7135169
3038,0.41534218
3039,1.3696982
3040,0.60687363
3041,0.54249537
3042,1.6276048
3043,0.79915226
3044,0.4523651
3045,0.9570626
3046,0.5518094
3047,1.6255639
3048,1.324405
3049,1.7012479
3050,0.8744341
3051,1.3699439
3052,1.3484566
3053,1.0204512
3054,1.3135138
3055,0.56668407
3056,0.9434174
3057,0.48433194
3058,0.63596666
3059,1.6861508
3060,0.5154961
3061,0.93856
3062,1.2889122
3063,0.5532549
3064,0.517668
3065,0.7071743
3066,0.5006911
3067,1.3258578
3068,0.5236629
3069,2.100738
3070,1.2380397
3071,0.50420654
3072,0.57323766
3073,0.6670393
3074,0.9363324
3075,0.78166497
3076,1.0580347
3077,0.63550514
3078,0.8240484
3079,0.43785244
3080,1.1633127
3081,0.5847672
3082,0.96003276
3083,1.448543
3084,1.6271702
3085,1.2775644
3086,0.5393161
3087,1.0342405
3088,1.2500194
3089,0.9812937
3090,1.4811901
3091,0.75134885
3092,0.9226655
3093,0.82112586
3094,1.5285794
3095,1.8104002
3096,0.99801046
3097,1.0431497
3098,1.042422
3099,1.0148323
3100,0.58408624
3101,0.91850775
3102,0.5456703
3103,0.798168
3104,0.76851
3105,0.77288425
3106,1.7388016
3107,0.81868553
3108,1.2539126
3109,0.8760191
3110,0.6208119
3111,0.72107285
3112,0.47762194
3113,0.7538093
3114,0.6917289
3115,0.79089177
3116,1.2086855
3117,0.5265772
3118,0.9695476
3119,0.84565604
3120,0.6498468
3121,0.86060464
3122,1.2523106
3123,0.8695936
3124,0.61135024
3125,0.42036772
3126,0.8545003
3127,0.9173676
3128,0.68198234
3129,0.9199406
3130,1.3741677
3131,0.9876543
3132,1.0263098
3133,0.74428517
3134,1.0192899
3135,1.0353326
3136,0.7804798
3137,0.9270476
3138,0.73670584
3139,1.0389203
3140,0.5265261
3141,0.9532027
3142,1.1922709
3143,1.8882872
3144,0.95310354
3145,0.870895
3146,1.0942711
3147,0.9805649
3148,0.6337689
3149,0.44800434
3150,0.95309705
3151,1.2054255
3152,0.5171164
3153,1.0629234
3154,0.6167923
3155,0.6764944
3156,0.9523468
3157,0.68007076
3158,0.66189575
3159,0.75229084
3160,0.79363143
3161,0.61468613
3162,0.580455
3163,0.48010308
3164,0.5777323
3165,1.1615429
3166,0.8918397
3167,0.451907
3168,0.5097059
3169,1.7875931
3170,1.4730134
3171,1.0477355
3172,0.480972
3173,1.0279052
3174,0.9607132
3175,0.80098236
3176,1.1023725
3177,1.3167875
3178,0.96180594
3179,1.2611988
3180,0.5857905
3181,0.6678771
3182,0.7398341
3183,0.60691
3184,1.5192527
3185,1.0469844
3186,1.2692952
3187,0.47017947
3188,0.5166675
3189,0.6619081
3190,1.6795948
3191,0.58094454
3192,0.5293089
3193,0.7940568
3194,1.0203924
3195,0.9561058
3196,1.0961996
3197,0.7308228
3198,0.68568075
3199,0.67411697
3200,0.9927475
3201,1.697827
3202,0.47962937
3203,0.5445601
3204,1.1555218
3205,0.5175734
3206,0.8403553
3207,1.0027083
3208,1.3010727
3209,1.0989891
3210,1.8075168
3211,1.3046167
3212,0.74853957
3213,1.8601711
3214,0.7793296
3215,0.90325797
3216,0.42526644
3217,0.5359465
3218,0.4621458
3219,0.6727083
3220,0.85573465
3221,0.9467031
3222,0.53606415
3223,0.8698891
3224,0.5989271
3225,0.6071636
3226,1.4213146
3227,1.0513165
3228,0.623568
3229,1.2599144
3230,1.1881107
3231,0.42766243
3232,0.72732514
3233,1.2903839
3234,1.1746283
3235,0.93076074
3236,1.1586329
3237,0.41325417
3238,1.0055368
3239,0.35883135
3240,0.6522451
3241,0.9196556
3242,0.8898371
3243,1.1818835
3244,1.1394494
3245,1.1055229
3246,1.0261139
3247,0.507094
3248,0.91050875
3249,0.7865372
3250,1.6831735
3251,0.6140748
3252,1.1424305
3253,0.8498205
3254,1.1911175
3255,0.8043998
3256,0.5650421
3257,1.0631284
3258,2.0265224
3259,0.5915648
3260,1.4037602
3261,0.9081472
3262,0.75245464
3263,1.7015965
3264,1.5646086
3265,0.90070117
3266,0.63527715
3267,1.7151035
3268,0.65691674
3269,0.5715741
3270,1.9477421
3271,1.0655066
3272,1.0381038
3273,1.0271658
3274,1.2954464
3275,0.46355444
3276,1.2306715
3277,0.5886463
3278,1.1612126
3279,1.0802088
3280,1.0634193
3281,0.54114157
3282,1.004934
3283,0.6807529
3284,1.013046
3285,0.4904565
3286,1.1288332
3287,1.2092421
3288,0.45693406
3289,0.4709795
3290,0.5092115
3291,0.9157106
3292,0.60056007
3293,0.7755766
3294,1.5751715
3295,0.63361156
3296,0.46142802
3297,0.9014996
3298,0.55602294
3299,1.263991
3300,0.92455894
3301,0.44093004
3302,0.54041576
3303,1.1633989
3304,1.4891669
3305,0.8325428
3306,0.5758251
3307,0.6658551
3308,0.5147959
3309,1.5188321
3310,0.7325042
3311,1.3279669
3312,0.57979614
3313,1.1060642
3314,2.078681
3315,0.7162158
3316,0.7936591
3317,0.76002014
3318,0.6919023
3319,1.1026506
3320,0.85334766
3321,0.8068827
3322,1.145825
3323,1.0041237
3324,0.60274
3325,1.0193022
3326,0.84709156
3327,0.64526016
3328,0.58158845
3329,0.77680343
3330,0.60742706
3331,0.7208632
3332,0.7624181
3333,1.8906342
3334,0.67637235
3335,0.6331047
3336,0.6159791
3337,0.5142889
3338,0.9072884
3339,0.79266053
3340,0.67572457
3341,0.61025906
3342,0.57510865
3343,0.6610182
3344,0.58944917
3345,1.1717541
3346,1.9011074
3347,0.99965984
3348,0.65572935
3349,1.1386645
3350,0.8170683
3351,0.6071413
3352,1.160092
3353,0.8693668
3354,1.0131936
3355,1.7065117
3356,1.0476393
3357,0.4363461
3358,0.47312665
3359,0.7233993
3360,1.1924927
3361,0.6166297
3362,1.4528795
3363,1.1599543
3364,0.7034081
3365,0.9467923
3366,0.82567817
3367,0.8118847
3368,0.59712875
3369,1.3410145
3370,1.5970485
3371,0.49439368
3372,1.0302175
3373,1.0209304
3374,1.1761923
3375,0.76656204
3376,1.8037361
3377,0.49730578
3378,0.55578613
3379,0.52960956
3380,1.1386995
3381,1.4390447
3382,0.7334477
3383,0.5504775
3384,0.3709006
3385,0.76271194
3386,0.5209349
3387,0.7717136
3388,0.62045807
3389,0.5333699
3390,0.95398825
3391,0.9329354
3392,0.5491808
3393,0.7810794
3394,1.04049
3395,0.87496614
3396,1.0577483
3397,0.6086134
3398,0.68077207
3399,0.6454359
3400,0.9678543
3401,0.59720755
3402,0.9884407
3403,0.6210988
3404,1.2860157
3405,0.5077222
3406,0.6127797
3407,0.7002187
3408,0.74320817
3409,0.5390415
3410,0.48050427
3411,1.0341799
3412,0.47427803
3413,0.5474996
3414,0.60352844
3415,1.0527977
3416,0.8305688
3417,0.79648745
3418,0.9665902
3419,1.1951215
3420,0.77919096
3421,0.544579
3422,0.5501403
3423,0.5631432
3424,0.9760637
3425,0.43359423
3426,0.5815709
3427,0.47298312
3428,1.0176307
3429,0.44167918
3430,0.5871145
3431,0.441343
3432,0.60694945
3433,1.0499971
3434,0.7113015
3435,0.49829954
3436,0.44230205
3437,1.030057
3438,1.0956643
3439,0.55495185
3440,0.68582404
3441,0.7761587
3442,1.079559
3443,0.6997605
3444,0.5052391
3445,1.5005199
3446,1.2973566
3447,0.89726037
3448,0.8296316
3449,1.1613083
3450,0.5730056
3451,0.79363275
3452,0.5982741
3453,1.1737548
3454,1.052888
3455,0.65420616
3456,1.118526
3457,1.3879718
3458,0.5826985
3459,1.1856294
3460,1.2938378
3461,1.5147284
3462,1.4150481
3463,1.3968364
3464,0.79408187
3465,1.038978
3466,0.56150824
3467,0.9824711
3468,0.77192414
3469,1.0216846
3470,1.144184
3471,2.098926
3472,1.0838597
3473,0.65527165
3474,0.7473953
3475,0.90722907
3476,1.0423738
3477,1.5839704
3478,0.40669316
3479,0.60872954
3480,0.7659498
3481,1.0972126
3482,2.006513
3483,0.76426816
3484,0.7575889
3485,1.1385028
3486,0.7164502
3487,0.6669215
3488,0.63288176
3489,0.5648545
3490,1.7164023
3491,1.1063249
3492,0.5307028
3493,1.8335371
3494,0.612494
3495,0.47536048
3496,1.4764311
3497,0.7221996
3498,1.2416452
3499,1.617232
3500,0.7328264
3501,0.6981257
3502,0.55484074
3503,1.9910282
3504,0.5749612
3505,1.2725283
3506,0.6450521
3507,0.94294566
3508,1.6744404
3509,0.5385744
3510,0.75618523
3511,1.1044163
3512,0.6007679
3513,0.6190109
3514,0.5904188
3515,0.6823823
3516,1.0413553
3517,1.9869217
3518,1.059824
3519,0.96396065
3520,0.36503682
3521,0.924177
3522,0.9075203
3523,0.52056706
3524,1.0588773
3525,0.7694074
3526,0.8657244
3527,1.0256987
3528,0.77230227
3529,0.9128636
3530,0.87875766
3531,1.0099596
3532,0.43303004
3533,0.59852165
3534,1.4398686
3535,0.86529005
3536,0.8062304
3537,0.8024128
3538,1.7602112
3539,0.520954
3540,0.92950326
3541,1.6346567
3542,0.67145437
3543,0.45191804
3544,0.5528788
3545,1.6593367
3546,2.0143178
3547,0.8663163
3548,0.6452629
3549,0.7703365
3550,1.0889677
3551,1.0476872
3552,0.5209209
3553,0.5204467
3554,0.9001463
3555,1.5273355
3556,0.58806723
3557,0.4586771
3558,0.70821565
3559,0.503228
3560,0.574062
3561,0.5042233
3562,0.5298258
3563,0.94673216
3564,0.7034377
3565,1.1544585
3566,1.0569652
3567,0.43649474
3568,0.6216694
3569,0.73133576
3570,0.604813
3571,0.6031248
3572,1.0150883
3573,0.47696772
3574,0.80974114
3575,0.6046952
3576,1.0267515
3577,1.053637
3578,0.5406896
3579,0.49832773
3580,1.1278627
3581,0.7097377
3582,1.9759915
3583,0.9854666
3584,0.65356207
3585,1.3922358
3586,0.49041033
3587,1.5337515
3588,0.68094003
3589,1.0041544
3590,0.69339097
3591,1.1270673
3592,0.6109475
3593,1.1760451
3594,0.7005366
3595,0.6012967
3596,1.1220031
3597,1.2218038
3598,1.104882
3599,0.679644
3600,0.46104282
3601,0.46627504
3602,0.48017216
3603,1.5997231
3604,0.74626625
3605,0.9965147
3606,0.43014067
3607,1.1276468
3608,0.7386637
3609,0.5787436
3610,0.7734742
3611,1.1537622
3612,0.58475846
3613,1.1535842
3614,0.6823188
3615,1.0590006
3616,0.9893483
3617,0.6304275
3618,0.69912195
3619,0.51784307
3620,0.6698197
3621,0.72174627
3622,0.88760984
3623,0.6415538
3624,0.54221845
3625,0.45781034
3626,0.97488374
3627,0.6510594
3628,0.4918744
3629,1.6879536
3630,0.6730109
3631,0.9751134
3632,0.9274532
3633,1.858049
3634,0.73809355
3635,0.39161545
3636,0.79879963
3637,0.5345665
3638,1.0330479
3639,0.8275628
3640,0.42306575
3641,0.66119015
3642,0.90155333
3643,0.47764644
3644,1.1334854
3645,0.63027257
3646,0.4835599
3647,0.9456037
3648,0.6242115
3649,0.7461113
3650,0.8317528
3651,0.7452795
3652,0.6025213
3653,0.9854314
3654,0.4234469
3655,1.0894512
3656,1.1641617
3657,0.75343007
3658,0.82507277
3659,0.49696264
3660,2.0752368
3661,0.9665386
3662,0.7432343
3663,0.7456616
3664,1.1104113
3665,0.84878385
3666,1.3993229
3667,0.8243991
3668,0.6194609
3669,0.77877134
3670,0.9668854
3671,0.8689846
3672,0.7900608
3673,0.7112671
3674,0.91624117
3675,1.977915
3676,0.62077785
3677,1.4209145
3678,0.95066893
3679,0.5305981
3680,1.7350807
3681,0.4025969
3682,0.9163027
3683,0.96139526
3684,0.7576514
3685,0.57508695
3686,0.6358757
3687,0.5677676
3688,0.556289
3689,1.4179938
3690,0.52544093
3691,0.69051045
3692,0.7136893
3693,0.44575673
3694,0.8917677
3695,0.66234404
3696,0.48232117
3697,0.44038647
3698,0.4241407
3699,1.1276634
3700,0.70762795
3701,0.4851769
3702,1.2108842
3703,1.1319441
3704,1.3101147
3705,0.417025
3706,1.1182172
3707,1.0211443
3708,0.58746594
3709,0.6194134
3710,0.5652046
3711,0.4656189
3712,0.6706355
3713,0.47764063
3714,0.88152677
3715,0.85314167
3716,0.7471904
3717,0.6959926
3718,1.0840843
3719,0.6331453
3720,0.6253915
3721,0.6545582
3722,0.9603523
3723,1.133521
3724,0.64802825
3725,0.90863913
3726,1.5091062
3727,1.0817366
3728,0.47181863
3729,0.59627146
3730,0.86312425
3731,0.6809926
3732,1.7917353
3733,1.0414507
3734,0.6945673
3735,0.5835425
3736,0.5182393
3737,0.51787776
3738,0.63256025
3739,0.60375834
3740,1.2129891
3741,0.582885
3742,1.675602
3743,0.358526
3744,0.8980526
3745,1.9432316
3746,1.7090216
3747,0.5989226
3748,1.0484749
3749,1.0293353
3750,0.5548281
3751,0.5864239
3752,0.54327697
3753,0.7479835
3754,0.90108806
3755,0.71955234
3756,1.2258377
3757,1.0235838
3758,0.5775358
3759,0.81109035
3760,0.62645704
3761,0.76566803
3762,0.9420742
3763,0.7119589
3764,0.94141924
3765,0.53468335
3766,0.6152818
3767,1.4077511
3768,0.4261222
3769,0.5838483
3770,0.89755726
3771,0.39768353
3772,0.39310732
3773,0.5907202
3774,0.6377243
3775,0.69797516
3776,1.3550965
3777,1.1921037
3778,0.59317523
3779,0.9783724
3780,0.7575693
3781,0.7254809
3782,1.4189636
3783,0.61123335
3784,0.97773755
3785,1.3693855
3786,0.6543539
3787,0.542832
3788,0.54180366
3789,0.93215907
3790,0.59079766
3791,0.46481973
3792,0.58956957
3793,0.71272933
3794,1.9997194
3795,1.3031595
3796,0.60268164
3797,0.9041966
3798,0.50951886
3799,0.53721046
3800,0.91814077
3801,1.9431083
3802,0.49525014
3803,1.026921
3804,0.75076056
3805,1.0956234
3806,1.4404813
3807,1.033365
3808,0.5721849
3809,0.8101471
3810,1.3427229
3811,0.5073842
3812,1.7745603
3813,1.2772028
3814,0.8687978
3815,0.98646724
3816,1.3217957
3817,0.7368723
3818,0.40639743
3819,0.56829536
3820,0.64021385
3821,1.9500421
3822,0.61514837
3823,0.48453563
3824,1.0757914
3825,1.329256
3826,0.49298272
3827,0.9428838
3828,0.88676584
3829,0.7496213
3830,1.0910437
3831,0.64485806
3832,0.7686348
3833,0.5389075
3834,1.27126
3835,1.2396929
3836,0.5922649
3837,1.2201874
3838,0.5767074
3839,1.0256548
3840,0.6975093
3841,0.5532856
3842,0.4669117
3843,0.682642
3844,1.2292349
3845,0.6666491
3846,0.5711117
3847,0.76295865
3848,1.1033326
3849,0.70734036
3850,1.1271998
3851,0.6156228
3852,0.47505188
3853,0.5558529
3854,0.99909866
3855,0.6157153
3856,0.88303626
3857,0.6205697
3858,0.82568944
3859,0.49794427
3860,0.7610713
3861,1.6437063
3862,1.0649173
3863,0.54074126
3864,0.69999313
3865,1.0600007
3866,1.1349885
3867,0.5669138
3868,0.94055766
3869,0.47057885
3870,0.77414405
3871,1.2743034
3872,1.0504862
3873,1.3448961
3874,0.41593966
3875,0.918337
3876,0.6025721
3877,0.4583803
3878,0.59176016
3879,0.7872044
3880,1.0967395
3881,0.9215905
3882,1.041321
3883,0.63367194
3884,0.49857673
3885,0.80519533
3886,0.83734435
3887,0.7393929
3888,0.6214649
3889,0.8358105
3890,0.6491784
3891,0.6903394
3892,0.6461557
3893,0.7149774
3894,0.8297564
3895,0.50542295
3896,1.024842
3897,0.76650125
3898,1.4002526
3899,1.5147835
3900,0.45917588
3901,0.46341696
3902,0.50094867
3903,0.76826495
3904,0.4208567
3905,0.59693915
3906,1.1865894
3907,0.7078624
3908,1.0265334
3909,0.52392274
3910,0.865281
3911,0.5649216
3912,0.7924951
3913,0.54296297
3914,0.42388996
3915,0.57050663
3916,0.9168867
3917,0.86778605
3918,1.1762094
3919,0.50052667
3920,1.0523492
3921,0.70526713
3922,0.8521746
3923,1.0598071
3924,0.7417767
3925,1.1361192
3926,1.0968934
3927,0.76294106
3928,0.60684264
3929,0.70239365
3930,1.1508638
3931,1.0332989
3932,1.1046808
3933,0.91942805
3934,0.8249589
3935,1.1703342
3936,0.92641544
3937,0.8763421
3938,0.58853084
3939,0.45400843
3940,1.0061675
3941,1.0577164
3942,1.0357441
3943,0.7245782
3944,0.8857115
3945,0.6147359
3946,0.56411433
3947,0.71060944
3948,0.6270977
3949,1.0628686
3950,0.5731069
3951,0.9107094
3952,0.57610255
3953,0.8092982
3954,1.12032
3955,0.55798674
3956,0.66232026
3957,0.95401144
3958,0.72048956
3959,0.42215958
3960,0.6115223
3961,0.6392706
3962,0.5577252
3963,0.9190814
3964,0.9017833
3965,0.7213972
3966,1.9423952
3967,0.7788179
3968,0.7075168
3969,0.8298899
3970,1.4576743
3971,0.93168783
3972,0.7866648
3973,1.1109637
3974,0.68204135
3975,1.1862133
3976,0.83209115
3977,0.98436844
3978,1.8703039
3979,0.5060817
3980,0.6594082
3981,2.0978293
3982,0.43326506
3983,0.9391885
3984,0.65865976
3985,0.9777719
3986,1.1005341
3987,1.0639125
3988,1.9197077
3989,0.5501095
3990,1.1207612
3991,0.5014986
3992,0.8186941
3993,0.6567499
3994,1.1980702
3995,1.2161877
3996,0.67873496
3997,1.2595187
3998,0.9006297
3999,1.419589
4000,0.912234
4001,0.49636078
4002,1.6711006
4003,0.66205645
4004,0.47432575
4005,0.7975361
4006,0.44505662
4007,1.3074028
4008,0.8785335
4009,1.1757088
4010,0.7371625
4011,0.85211504
4012,0.6373505
4013,0.6411247
4014,0.47059637
4015,0.5131578
4016,0.8755743
4017,0.7513281
4018,1.1204333
4019,0.67899144
4020,0.5457424
4021,1.0094311
4022,0.9963093
4023,1.4700638
4024,0.40288767
4025,1.3671862
4026,0.69594955
4027,1.4828465
4028,0.9408871
4029,0.7994756
4030,0.8841774
4031,0.5229007
4032,0.8694581
4033,0.7229048
4034,0.95481217
4035,0.48831454
4036,0.86539096
4037,1.7436054
4038,0.76178324
4039,1.4199886
4040,2.0291858
4041,1.0023738
4042,0.52554977
4043,0.7338748
4044,0.47346267
4045,1.2108114
4046,0.5342745
4047,1.1816273
4048,0.43082362
4049,0.54207397
4050,0.65095216
4051,0.72655714
4052,0.72766507
4053,1.3924066
4054,0.54202676
4055,0.9252887
4056,0.9407034
4057,0.82109624
4058,0.66681653
4059,0.49526557
4060,1.0451696
4061,1.4341686
4062,0.75980157
4063,0.7596591
4064,1.1575613
4065,0.76565045
4066,0.46689105
4067,0.80314004
4068,0.76269084
4069,1.0570854
4070,1.2678673
4071,0.45651937
4072,0.7787939
4073,0.5284231
4074,1.1522677
4075,0.78239745
4076,0.555098
4077,1.2446356
4078,0.6437716
4079,0.4442246
4080,1.3941004
4081,0.4340806
4082,0.5110442
4083,0.9372408
4084,0.8014412
4085,0.5111704
4086,1.2510259
4087,0.8204056
4088,1.0733591
4089,0.93376744
4090,0.53367764
4091,0.6184023
4092,0.8641118
4093,0.8679466
4094,1.2148451
4095,1.0085552
4096,0.4993723
4097,0.5917504
4098,0.46817273
4099,0.4840083
4100,0.4722821
4101,0.9937196
4102,1.5060608
4103,0.6489843
4104,0.49198705
4105,2.0215356
4106,0.7845529
4107,0.8382389
4108,1.1403227
4109,0.51165396
4110,1.071434
4111,0.8206425
4112,0.5989211
4113,1.3291049
4114,0.92193764
4115,0.8626922
4116,1.1388239
4117,0.70975506
4118,1.0276542
4119,0.6493474
4120,0.38298368
4121,1.5723873
4122,0.7816728
4123,1.2412188
4124,2.0757263
4125,0.58104163
4126,0.8309825
4127,1.1388217
4128,0.66400605
4129,0.46276388
4130,0.4708062
4131,0.6323964
4132,0.78885305
4133,0.7353582
4134,1.6983948
4135,0.77596253
4136,0.9140972
4137,0.83610505
4138,0.95101166
4139,2.175875
4140,1.6102982
4141,1.1673902
4142,2.034017
4143,0.5721127
4144,0.35356736
4145,1.1827377
4146,0.7642473
4147,0.5169755
4148,0.74494547
4149,1.4350466
4150,0.5426728
4151,0.772958
4152,1.4672102
4153,1.2229793
4154,1.9622757
4155,0.93272173
4156,0.91431916
4157,0.51982814
4158,1.4629923
4159,1.3537452
4160,0.71367055
4161,0.6790099
4162,0.55099535
4163,0.39902663
4164,0.4379869
4165,1.1096078
4166,1.4736185
4167,1.4788457
4168,0.46735233
4169,0.67927295
4170,0.44088468
4171,0.697718
4172,0.73187983
4173,0.7944356
4174,0.6962348
4175,0.5827068
4176,0.5494459
4177,0.5060357
4178,1.2934073
4179,0.5852289
4180,0.61218846
4181,1.056757
4182,0.5663208
4183,0.50284535
4184,0.69809306
4185,0.52666503
4186,0.5737621
4187,1.7581408
4188,1.6179669
4189,1.0673704
4190,1.1008046
4191,0.6230958
4192,1.4809654
4193,0.98120004
4194,0.6393422
4195,1.0844058
4196,1.0085831
4197,0.57502896
4198,1.5138785
4199,0.4781331
4200,0.58248425
4201,0.53183734
4202,0.9682104
4203,1.0262477
4204,1.1628298
4205,0.75023925
4206,1.1941407
4207,1.147355
4208,0.58076435
4209,0.44932133
4210,0.9907111
4211,0.7510584
4212,0.7036379
4213,1.0120386
4214,0.58564174
4215,0.69533765
4216,1.7262169
4217,0.99231434
4218,0.97546846
4219,1.0698378
4220,0.85049933
4221,1.8179106
4222,1.45667
4223,0.8411744
4224,0.8677829
4225,0.89167976
4226,1.4041079
4227,0.67324924
4228,0.8366125
4229,1.125551
4230,0.5107759
4231,0.91585237
4232,0.55226415
4233,0.7436874
4234,0.8502635
4235,0.8006743
4236,0.3883571
4237,0.50242597
4238,0.7595549
4239,1.4909172
4240,0.6921471
4241,1.0708066
4242,0.5362495
4243,1.0463829
4244,1.1905615
4245,0.87615377
4246,1.3938117
4247,1.2542517
4248,0.7416353
4249,0.8130638
4250,0.9337326
4251,1.9285921
4252,0.7655635
4253,0.5915491
4254,1.0006269
4255,0.930364
4256,1.2614701
4257,0.53752303
4258,0.66366464
4259,0.62476724
4260,0.98241395
4261,0.8704998
4262,0.79888785
4263,0.7150288
4264,1.3184646
4265,1.0197959
4266,1.4100958
4267,1.443701
4268,0.9445739
4269,0.76591766
4270,1.7475622
4271,1.0987799
4272,0.47127777
4273,0.9191149
4274,0.8189894
4275,0.96202785
4276,1.9579985
4277,0.5318549
4278,0.6522783
4279,0.5049387
4280,1.4261707
4281,1.0324948
4282,0.42665982
4283,0.51301146
4284,0.962735
4285,1.1696594
4286,0.54269314
4287,0.82677114
4288,1.1152264
4289,0.44780716
4290,0.73462373
4291,1.0894221
4292,0.8198044
4293,0.95617664
4294,0.3876257
4295,0.66752404
4296,0.84074485
4297,0.5367876
4298,1.0562235
4299,0.51747096
4300,0.760743
4301,0.8170122
4302,0.4602564
4303,0.36893353
4304,0.9488136
4305,0.7906887
4306,0.5708885
4307,0.85616225
4308,0.7898005
4309,0.8561505
4310,0.6671792
4311,1.1847894
4312,0.49187914
4313,0.4470616
4314,0.72671366
4315,0.76430327
4316,0.9360033
4317,0.8455402
4318,0.5639155
4319,0.712942
4320,1.1905105
4321,0.8125885
4322,0.39052168
4323,0.88403165
4324,1.4557601
4325,0.67749226
4326,0.74448174
4327,0.7140187
4328,1.0747666
4329,0.44348627
4330,0.9667109
4331,0.58540976
4332,1.1568003
4333,0.5693053
4334,0.48262635
4335,0.75312304
4336,0.880649
4337,0.58669555
4338,0.39916906
4339,0.42557064
4340,1.5962307
4341,1.0048031
4342,0.59448767
4343,1.578649
4344,0.7343834
4345,1.3218639
4346,0.9322175
4347,0.8034612
4348,0.63204694
4349,1.0880934
4350,0.7545403
4351,1.5010618
4352,0.7736735
4353,0.96475255
4354,0.7933361
4355,1.0341417
4356,0.55084693
4357,1.2159317
4358,0.6216489
4359,0.73411286
4360,1.411819
4361,0.82215625
4362,0.5554868
4363,0.8168648
4364,0.6715129
4365,0.830077
4366,0.9434735
4367,0.7837877
4368,0.58372676
4369,0.9982146
4370,0.58252245
4371,0.83969706
4372,1.6220783
4373,0.950359
4374,0.522373
4375,0.9132493
4376,0.55561477
4377,1.209346
4378,0.8537713
4379,0.3940882
4380,1.6069467
4381,0.6154674
4382,0.38098672
4383,0.81269693
4384,0.8078636
4385,1.775514
4386,0.8776349
4387,0.66987115
4388,0.76628697
4389,1.000676
4390,0.4948272
4391,0.91753566
4392,0.4431034
4393,1.1068937
4394,0.98646736
4395,0.7079867
4396,0.4010629
4397,0.57795686
4398,0.50504047
4399,0.77997327
4400,1.0296856
4401,0.80177736
4402,1.1688492
4403,0.7140114
4404,0.8681706
4405,2.0074735
4406,0.6574679
4407,0.6758978
4408,0.85938704
4409,0.57483065
4410,0.9559779
4411,0.47809687
4412,0.4919861
4413,0.5585221
4414,0.36583275
4415,2.0741248
4416,1.2846749
4417,0.65403974
4418,0.5738987
4419,0.46533045
4420,1.5184152
4421,1.4690119
4422,0.88343924
4423,1.194019
4424,0.9573202
4425,0.671878
4426,0.5094842
4427,0.7854681
4428,0.8119057
4429,0.40059805
4430,0.673557
4431,0.8720444
4432,2.1038284
4433,0.62685853
4434,0.96252966
4435,0.8171479
4436,0.46358246
4437,0.8581888
4438,0.6189675
4439,0.73995256
4440,0.62096196
4441,1.7016408
4442,0.52956057
4443,0.8869089
4444,1.5178484
4445,0.62904775
4446,0.41982335
4447,1.0452178
4448,0.61648387
4449,1.655215
4450,1.1540083
4451,1.4077629
4452,1.8657014
4453,0.7476529
4454,0.83257663
4455,0.6103874
4456,0.667346
4457,1.0860723
4458,0.5449556
4459,0.5450486
4460,1.3664747
4461,1.3625094
4462,0.98754185
4463,0.81837034
4464,0.51854694
4465,0.49236408
4466,0.657515
4467,1.2602862
4468,0.811364
4469,0.94922924
4470,0.87478906
4471,0.66579634
4472,1.8698467
4473,1.3171077
4474,0.8800899
4475,0.4472598
4476,0.8700429
4477,0.64105093
4478,0.54761815
4479,0.6358021
4480,0.7332149
4481,1.1930983
4482,1.0887115
4483,1.2810167
4484,1.1400461
4485,0.9494138
4486,0.6297914
4487,0.48815584
4488,0.5236108
4489,0.5412513
4490,0.84042484
4491,1.6063464
4492,0.8148289
4493,0.7256654
4494,1.2146952
4495,0.55003417
4496,0.9499966
4497,0.53580207
4498,0.84689236
4499,1.3045793
4500,0.63261825
4501,0.45168108
4502,0.6478221
4503,1.1452965
4504,0.6983259
4505,1.6278938
4506,0.70919806
4507,1.1414394
4508,0.8609608
4509,1.3128073
4510,0.7746367
4511,1.2304709
4512,0.5888502
4513,0.67545426
4514,0.7271565
4515,0.95952785
4516,1.6130298
4517,0.8142745
4518,0.4646533
4519,1.024781
4520,0.8110337
4521,0.5293597
4522,0.6061699
4523,1.0188
4524,0.63113177
4525,0.73705834
4526,1.0628554
4527,0.60928977
4528,1.8192072
4529,0.42242566
4530,0.67009246
4531,0.57003915
4532,1.0266529
4533,1.336324
4534,0.6858186
4535,0.5581103
4536,1.1395609
4537,0.99015456
4538,0.9910139
4539,0.9107181
4540,1.2445909
4541,0.48303318
4542,1.4095619
4543,0.76537055
4544,0.6022652
4545,1.1916164
4546,0.76585484
4547,0.8764559
4548,0.8816115
4549,0.752543
4550,0.3764886
4551,0.7891386
4552,0.54529524
4553,0.673654
4554,0.56341976
4555,1.0130256
4556,0.63365245
4557,1.5180395
4558,1.0220501
4559,1.0602114
4560,0.9141844
4561,0.6395234
4562,0.9935802
4563,0.8551321
4564,1.1361682
4565,1.8245159
4566,0.99869347
4567,1.6375501
4568,0.46438223
4569,0.7812413
4570,0.62279826
4571,1.0511702
4572,0.5642559
4573,1.2441523
4574,1.117109
4575,1.0046751
4576,0.63366735
4577,0.7381317
4578,0.6658119
4579,1.1104536
4580,1.2206951
4581,0.64829
4582,1.0859464
4583,0.6965115
4584,0.5016531
4585,0.88805234
4586,1.4379187
4587,0.61004055
4588,0.5550681
4589,1.3524232
4590,0.6109575
4591,1.1396848
4592,0.90447444
4593,0.43662685
4594,0.74968636
4595,1.2679408
4596,0.59487903
4597,1.5221126
4598,0.5714406
4599,1.2501833
4600,0.887884
4601,0.57764536
4602,0.9731884
4603,1.2539483
4604,0.7431159
4605,0.88055056
4606,0.67208993
4607,0.8458912
4608,0.6775907
4609,0.56382704
4610,0.9947138
4611,0.7289847
4612,1.2896311
4613,1.0555032
4614,0.71007836
4615,0.8962151
4616,0.63046455
4617,0.92601997
4618,0.8027736
4619,0.6390899
4620,0.52161586
4621,1.5766958
4622,1.503119
4623,0.9580302
4624,1.8508446
4625,0.9030199
4626,0.43626648
4627,1.1135955
4628,1.237278
4629,0.81786644
4630,0.39931232
4631,0.6006359
4632,0.95526963
4633,0.8045624
4634,0.7808244
4635,1.6604019
4636,1.3287588
4637,0.5136565
4638,1.0320234
4639,1.6209755
4640,0.6808969
4641,0.67147046
4642,0.95519555
4643,1.53249
4644,0.45678148
4645,1.99167
4646,1.0679232
4647,1.6324818
4648,1.04829
4649,0.5753336
4650,0.8381152
4651,0.9946823
4652,0.53994477
4653,1.192348
4654,0.6536731
4655,0.6290201
4656,0.5346319
4657,0.53227293
4658,0.5263595
4659,0.81820947
4660,0.6158721
4661,1.0886015
4662,0.7517391
4663,0.86921614
4664,0.77755195
4665,0.9438621
4666,0.909809
4667,0.6833668
4668,0.5627362
4669,1.0944624
4670,0.4778985
4671,0.61203873
4672,0.50675786
4673,0.95925033
4674,0.67283314
4675,0.5342186
4676,1.115477
4677,0.5383238
4678,0.49360675
4679,0.74543273
4680,0.73815423
4681,0.43132234
4682,0.7688838
4683,0.87485087
4684,0.96647894
4685,0.7209979
4686,1.2600474
4687,1.069422
4688,0.8823506
4689,0.82629395
4690,0.48024863
4691,0.63247955
4692,0.351613
4693,1.4026022
4694,0.67603505
4695,0.71887225
4696,0.6574243
4697,0.77677184
4698,0.80945814
4699,0.4143153
4700,0.72687745
4701,0.5914637
4702,0.42284068
4703,1.2739706
4704,0.97916955
4705,1.4123211
4706,0.91191494
4707,0.6086265
4708,0.6548659
4709,0.4388649
4710,0.859341
4711,1.4778687
4712,0.3537215
4713,0.41043195
4714,0.9791578
4715,0.84818804
4716,0.45071846
4717,0.8594285
4718,1.0996647
4719,1.131419
4720,0.45239967
4721,0.9054559
4722,0.8960468
4723,0.39469558
4724,0.49395013
4725,0.5004672
4726,0.55378234
4727,0.46498483
4728,0.9801958
4729,0.67784154
4730,0.5445196
4731,0.58909
4732,0.5262011
4733,0.5940868
4734,1.5712394
4735,0.44170982
4736,0.9807951
4737,1.0518271
4738,0.87907994
4739,1.127742
4740,0.90281236
4741,0.74479276
4742,0.62097436
4743,0.98199856
4744,0.44359207
4745,0.47146243
4746,0.6802783
4747,0.96951306
4748,0.4435932
4749,1.6382389
4750,0.6019313
4751,1.0381317
4752,0.8740612
4753,0.98549354
4754,0.57400227
4755,0.7073299
4756,0.8421785
4757,1.0974905
4758,1.3140157
4759,0.78954536
4760,0.5355554
4761,1.1688217
4762,0.78884494
4763,0.7182587
4764,1.5313518
4765,0.6358302
4766,0.75951356
4767,0.8151766
4768,0.97185576
4769,0.78667074
4770,1.068596
4771,1.2563436
4772,0.52330506
4773,1.8138502
4774,1.6485214
4775,0.55962884
4776,0.90063065
4777,0.5497964
4778,0.67403513
4779,1.7314621
4780,0.7840104
4781,1.4688374
4782,0.51382315
4783,0.64098215
4784,1.6081126
4785,2.0350814
4786,1.6810058
4787,0.6644119
4788,0.44471192
4789,1.0100918
4790,1.6983639
4791,0.50326335
4792,1.1966665
4793,0.99235326
4794,0.6464554
4795,0.94803286
4796,0.7664014
4797,0.62597257
4798,0.48664576
4799,1.3835831
4800,0.7906989
4801,0.9810604
4802,0.885884
4803,1.0317719
4804,0.97922957
4805,1.2848988
4806,1.0217088
4807,0.9054848
4808,0.57272875
4809,1.2596234
4810,0.5200622
4811,0.6955234
4812,1.9091574
4813,1.4056065
4814,1.2403201
4815,0.94705427
4816,0.84751624
4817,0.697106
4818,1.189667
4819,0.8892681
4820,0.67105997
4821,0.54079026
4822,1.5918916
4823,0.9151306
4824,0.5502784
4825,0.82044315
4826,0.52778447
4827,0.8894161
4828,0.59949297
4829,0.52835107
4830,1.3418595
4831,0.53979623
4832,0.43264064
4833,1.0786022
4834,0.89516574
4835,0.4875973
4836,1.5256172
4837,1.6113627
4838,0.6113862
4839,0.6640197
4840,0.7049079
4841,0.39477667
4842,0.58195543
4843,0.47701254
4844,0.7775067
4845,1.22349
4846,0.37062928
4847,0.6859396
4848,0.5677426
4849,0.8223711
4850,0.8213763
4851,0.8713735
4852,0.810603
4853,0.8050369
4854,0.5311048
4855,1.6493347
4856,1.6786007
4857,0.5800476
4858,0.59851086
4859,1.4135616
4860,1.1606714
4861,0.5147437
4862,1.4588023
4863,0.7024324
4864,0.79752386
4865,0.5658025
4866,0.88472235
4867,0.716747
4868,0.46877784
4869,0.5522225
4870,1.2144519
4871,0.6736204
4872,0.61966753
4873,0.64986473
4874,0.716681
4875,0.69451845
4876,0.747293
4877,0.5306004
4878,1.5260952
4879,0.50975287
4880,0.9611351
4881,0.4586636
4882,0.50051296
4883,0.62361985
4884,0.6605505
4885,1.8664395
4886,0.53193104
4887,0.6085864
4888,0.87388676
4889,0.9753332
4890,1.0124147
4891,0.55445945
4892,0.9028438
4893,0.44331202
4894,0.98569554
4895,1.6245308
4896,0.6576955
4897,1.3266238
4898,0.61535066
4899,0.77879125
4900,1.3803527
4901,1.0505044
4902,0.81174886
4903,0.46706972
4904,0.96013343
4905,0.6998924
4906,0.80644256
4907,0.9119234
4908,1.5646179
4909,0.6321574
4910,0.5614846
4911,1.0398592
4912,0.82508075
4913,0.38508624
4914,0.38858777
4915,1.1216384
4916,0.7028574
4917,0.5968276
4918,0.7733799
4919,0.8675474
4920,0.8008014
4921,0.4637618
4922,0.7215904
4923,0.5959447
4924,0.77635044
4925,0.73984253
4926,0.7839554
4927,1.9030282
4928,1.0367563
4929,0.8225759
4930,0.95029485
4931,0.5393385
4932,0.8760827
4933,0.85353005
4934,0.41351375
4935,1.6337913
4936,0.43980914
4937,1.0457083
4938,0.62884533
4939,1.4083111
4940,0.7927108
4941,0.83115023
4942,0.59257376
4943,0.74022806
4944,0.5849365
4945,0.5403296
4946,1.223116
4947,1.4496377
4948,0.59811103
4949,0.7584367
4950,0.90364
4951,0.72100675
4952,0.7357058
4953,1.5438973
4954,1.4270309
4955,1.729195
4956,0.4980031
4957,0.41627234
4958,1.1824324
4959,1.8929974
4960,0.96488315
4961,0.48454124
4962,1.0207382
4963,0.5562626
4964,1.3231716
4965,1.0081623
4966,0.913771
4967,0.9293288
4968,1.2715194
4969,0.50387853
4970,0.7240798
4971,1.6088823
4972,0.9506113
4973,0.6014167
4974,0.58682275
4975,1.1357892
4976,0.44617987
4977,0.49466118
4978,1.5124234
4979,1.9571221
4980,0.9382578
4981,1.2093588
4982,0.6458839
4983,0.56505215
4984,0.9265434
4985,1.9831566
4986,0.7892421
4987,0.674508
4988,0.7960066
4989,0.51373017
4990,0.41570872
4991,0.71945345
4992,0.58453345
4993,0.8805013
4994,1.6810821
4995,0.5189312
4996,0.55459493
4997,1.131656
4998,1.3562539
4999,0.46967465
5000,1.9262625
5001,1.558334
5002,0.9264122
5003,1.5737925
5004,0.6959249
5005,1.1078637
5006,0.5456645
5007,0.6991908
5008,0.64436114
5009,1.1635282
5010,0.8100294
5011,0.8082448
5012,0.48622575
5013,0.8224939
5014,0.76754487
5015,0.54377484
5016,0.5018497
5017,2.0008836
5018,0.89422494
5019,0.4864728
5020,0.5752361
5021,1.1123602
5022,1.6751868
5023,1.2427882
5024,0.60527027
5025,0.71148115
5026,0.7573763
5027,0.58628094
5028,0.8129942
5029,1.0325568
5030,0.63111657
5031,0.6740135
5032,0.56171143
5033,0.8247596
5034,0.41142106
5035,0.91548634
5036,0.53860986
5037,0.5364195
5038,0.6732717
5039,0.6330249
5040,0.5167311
5041,0.66638124
5042,0.99788654
5043,0.5717629
5044,0.5285632
5045,0.43241635
5046,0.7798851
5047,0.9560517
5048,1.2335119
5049,1.5138867
5050,0.5548347
5051,0.90008575
5052,0.58005726
5053,1.471308
5054,0.9628705
5055,0.8234339
5056,0.5250486
5057,0.7092523
5058,0.46143922
5059,0.6453807
5060,0.59488523
5061,1.8778925
5062,0.62304485
5063,0.8499075
5064,0.89581615
5065,0.48814702
5066,0.51373804
5067,0.86146057
5068,0.55682194
5069,1.2889082
5070,0.4499548
5071,0.75251245
5072,0.9076826
5073,0.5031463
5074,0.7272363
5075,1.3091037
5076,0.58103526
5077,1.1366131
5078,0.7293807
5079,1.0623887
5080,2.1100001
5081,1.2204708
5082,0.46348697
5083,1.9055866
5084,1.5168633
5085,0.9524766
5086,0.9555442
5087,0.9848856
5088,0.54719687
5089,0.57024646
5090,0.7712236
5091,1.746658
5092,0.5051863
5093,0.60208833
5094,0.93169534
5095,0.48910666
5096,0.995766
5097,0.77676165
5098,0.5051206
5099,0.83725965
5100,0.76333016
5101,0.5198072
5102,0.7498002
5103,0.537391
5104,0.6307275
5105,1.4850557
5106,0.44704622
5107,1.1195914
5108,1.1630348
5109,0.6046722
5110,0.6232879
5111,0.47881675
5112,1.612854
5113,1.7276938
5114,1.0368334
5115,0.92455465
5116,1.093921
5117,1.8313421
5118,0.80238533
5119,1.5979362
5120,1.3298886
5121,0.63832366
5122,0.5347942
5123,0.46900254
5124,0.42212063
5125,0.5177009
5126,0.8306278
5127,0.7926496
5128,1.8175929
5129,0.47969
5130,0.6528474
5131,0.57336605
5132,0.9342909
5133,0.9855343
5134,0.58539367
5135,0.6122593
5136,1.1944258
5137,0.74239343
5138,0.61587554
5139,0.6510792
5140,0.57324934
5141,1.3335152
5142,1.2329009
5143,0.5125185
5144,1.52446
5145,0.9063077
5146,0.6316284
5147,0.4981493
5148,0.6648668
5149,0.4634536
5150,0.5343367
5151,0.46677607
5152,1.6588688
5153,0.4685769
5154,0.5738954
5155,0.46435767
5156,0.9954416
5157,1.176343
5158,0.5632206
5159,0.49440783
5160,0.65081567
5161,1.2643244
5162,0.46212703
5163,0.76752007
5164,0.6069988
5165,1.3127674
5166,0.51909906
5167,0.62809837
5168,0.7269873
5169,0.66328347
5170,1.4778383
5171,0.6692816
5172,0.6370908
5173,1.6320179
5174,1.0407711
5175,0.71322536
5176,0.45736846
5177,1.1392409
5178,0.5491408
5179,0.4708403
5180,0.5997209
5181,1.031661
5182,1.0289549
5183,0.63783693
5184,1.0890033
5185,1.3937414
5186,0.6109808
5187,0.9148761
5188,1.9673078
5189,1.1872234
5190,0.6055149
5191,0.5759893
5192,1.0113995
5193,0.5680572
5194,0.8865398
5195,0.54084677
5196,1.0007564
5197,0.62623453
5198,0.7155577
5199,0.7244477
5200,1.2008638
5201,1.2647865
5202,0.44966355
5203,0.6137196
5204,0.92859364
5205,0.8258475
5206,0.8618746
5207,0.4376139
5208,0.6322423
5209,0.55626637
5210,0.5486884
5211,0.48855156
5212,0.6697596
5213,2.1697783
5214,0.6283399
5215,0.8223097
5216,0.8363568
5217,1.0058941
5218,0.8048485
5219,0.56452125
5220,0.5278636
5221,0.90880024
5222,0.8225435
5223,0.95526713
5224,1.4305714
5225,0.8580961
5226,1.078418
5227,0.57855487
5228,0.81692535
5229,0.6173817
5230,0.5862711
5231,0.47816244
5232,1.0007627
5233,0.63839495
5234,1.1313889
5235,0.64680207
5236,0.8487731
5237,1.3349097
5238,0.6829568
5239,1.0141399
5240,0.76782095
5241,1.7188793
5242,0.4500212
5243,0.80251133
5244,0.58438194
5245,1.6341457
5246,0.78170455
5247,0.8023965
5248,0.75787973
5249,0.7361976
5250,1.1970174
5251,0.5392254
5252,0.7052835
5253,0.89732534
5254,0.45460725
5255,0.5222265
5256,0.9945899
5257,0.62544274
5258,0.7405447
5259,0.5118803
5260,0.6150575
5261,0.5786613
5262,0.5406815
5263,0.7973011
5264,1.2447047
5265,0.74164575
5266,1.1436193
5267,0.5147017
5268,0.4205841
5269,0.63244146
5270,1.8064735
5271,1.1589582
5272,1.4371682
5273,1.2138307
5274,0.9072458
5275,0.5140929
5276,0.6447104
5277,0.597833
5278,1.0466
5279,0.97228944
5280,0.5257144
5281,1.1752688
5282,0.46878156
5283,0.65422153
5284,2.1039357
5285,1.3480725
5286,0.8163908
5287,1.8648401
5288,1.6138937
5289,0.74109304
5290,0.5166147
5291,0.87318194
5292,1.0116909
5293,0.8984434
5294,0.9661218
5295,1.0154247
5296,0.60643494
5297,0.5681291
5298,1.0752926
5299,0.42622033
5300,0.5198988
5301,0.6160987
5302,1.0263412
5303,0.61063516
5304,0.43634668
5305,0.4096713
5306,0.5615131
5307,0.86705935
5308,0.7143067
5309,0.6685512
5310,0.95044726
5311,0.631183
5312,1.3637161
5313,0.61522377
5314,1.0092577
5315,0.86204386
5316,0.5534545
5317,0.8416462
5318,0.40502962
5319,1.4406022
5320,1.0372732
5321,0.43164697
5322,0.80034125
5323,1.1702027
5324,0.92231
5325,0.5604987
5326,1.2918478
5327,0.9107402
5328,0.59175545
5329,1.3503608
5330,0.53505594
5331,0.6131398
5332,1.1482228
5333,0.7977042
5334,0.9187846
5335,0.64715654
5336,1.0646838
5337,0.86292964
5338,0.56217873
5339,1.0685804
5340,0.7354004
5341,1.0692742
5342,0.47731933
5343,1.1847003
5344,1.0978279
5345,0.85173714
5346,1.1729504
5347,0.782519
5348,0.94065964
5349,0.97944415
5350,0.48045167
5351,1.0260935
5352,0.49375448
5353,0.7713733
5354,0.9694756
5355,0.58864987
5356,1.7607536
5357,0.71788085
5358,0.9755198
5359,1.114098
5360,0.6310794
5361,0.52460647
5362,1.1332009
5363,1.1999735
5364,0.7962297
5365,0.95965034
5366,0.6134127
5367,0.5118393
5368,0.83942544
5369,1.1827142
5370,0.9900607
5371,0.57647675
5372,0.63963175
5373,0.8163921
5374,1.5443461
5375,0.53118855
5376,1.0681283
5377,0.5736391
5378,1.0323282
5379,0.58908874
5380,0.69579625
5381,0.7230344
5382,1.3717122
5383,0.47973362
5384,1.1484401
5385,0.49651614
5386,0.4147237
5387,0.5928853
5388,0.9228735
5389,0.77373314
5390,0.51315135
5391,0.66922766
5392,1.404108
5393,1.264375
5394,0.9579631
5395,0.847833
5396,0.5515527
5397,1.0122764
5398,0.8747457
5399,1.1338276
5400,1.1345456
5401,0.49690112
5402,0.7255065
5403,0.71998805
5404,0.85952586
5405,1.3249623
5406,0.7935599
5407,1.015971
5408,0.5276188
5409,0.975817
5410,0.6813936
5411,0.4915554
5412,2.120493
5413,0.38735
5414,0.5612501
5415,1.0897799
5416,0.404725
5417,1.0213498
5418,0.43865433
5419,1.0100024
5420,0.5102752
5421,0.5778696
5422,0.51140654
5423,0.70486045
5424,1.4677806
5425,1.0389715
5426,1.9022064
5427,0.47096196
5428,1.1501055
5429,1.1534512
5430,0.7373766
5431,0.59459555
5432,1.1592153
5433,0.60041773
5434,0.6813223
5435,0.5469178
5436,0.8957383
5437,1.0074836
5438,0.96166456
5439,0.40828508
5440,1.0671734
5441,0.75153065
5442,0.3796392
5443,1.4251533
5444,0.5654311
5445,0.6836819
5446,0.9140523
5447,0.5576718
5448,0.9761828
5449,1.0878885
5450,0.38918144
5451,1.7581453
5452,0.72369206
5453,0.60044396
5454,2.1348088
5455,1.6248382
5456,0.7445713
5457,0.8572981
5458,1.0338176
5459,0.61617905
5460,1.0297835
5461,1.9722397
5462,1.2592235
5463,0.66664404
5464,0.575724
5465,0.9093815
5466,1.2240345
5467,0.9373835
5468,0.9899101
5469,0.75326127
5470,0.94091636
5471,0.8495057
5472,0.9474576
5473,0.58323306
5474,1.014981
5475,0.57885736
5476,0.7095348
5477,0.5179945
5478,0.7555815
5479,1.114521
5480,0.5409937
5481,0.74402857
5482,1.289459
5483,0.6078743
5484,1.1346616
5485,1.0193201
5486,0.91971076
5487,0.6491738
5488,1.5249984
5489,1.308259
5490,1.1041386
5491,0.51182616
5492,0.49976975
5493,0.76023674
5494,1.0900171
5495,0.7512622
5496,0.6020577
5497,0.70734394
5498,0.5730662
5499,0.94252425
5500,0.6265479
